"post_id","account_id","account_type","follower_count","media_type","content_category","traffic_source","has_call_to_action","post_datetime","post_date","post_hour","day_of_week","likes","comments","shares","saves","reach","impressions","engagement_rate","followers_gained","caption_length","hashtags_count","performance_bucket_label","hour","day","month"
"IG0000001",7,"brand",3551,"reel","Technology","Home Feed",1,2024-11-30 06:00:00,2024-11-30,6,"Saturday",194,5,7,34,4327,6230,0.0385,899,100,7,"medium",6,"Sat","Nov"
"IG0000002",20,"creator",31095,"image","Fitness","Hashtags",1,2025-08-15 15:00:00,2025-08-15,15,"Friday",449,10,21,68,7451,8268,0.0663,805,122,5,"viral",15,"Fri","Aug"
"IG0000003",15,"brand",8167,"reel","Beauty","Reels Feed",0,2025-09-11 16:00:00,2025-09-11,16,"Thursday",114,2,1,22,1639,2616,0.0531,758,115,8,"high",16,"Thu","Sep"
"IG0000004",11,"creator",9044,"carousel","Music","External",0,2025-09-18 03:00:00,2025-09-18,3,"Thursday",91,0,7,0,2877,3171,0.0309,402,115,7,"medium",3,"Thu","Sep"
"IG0000005",8,"creator",15986,"reel","Technology","Profile",0,2025-03-21 09:00:00,2025-03-21,9,"Friday",154,8,5,21,5350,8503,0.0221,155,112,9,"low",9,"Fri","Mar"
"IG0000006",7,"brand",3551,"carousel","Photography","Reels Feed",1,2025-05-06 08:00:00,2025-05-06,8,"Tuesday",149,3,4,23,2668,3472,0.0516,904,111,5,"high",8,"Tue","May"
"IG0000007",19,"creator",3447,"carousel","Food","Explore",1,2025-09-21 09:00:00,2025-09-21,9,"Sunday",371,9,14,54,5018,7671,0.0584,701,132,8,"viral",9,"Sun","Sep"
"IG0000008",11,"brand",9044,"reel","Technology","Profile",0,2025-01-06 18:00:00,2025-01-06,18,"Monday",18,1,0,3,1078,1357,0.0162,894,118,8,"low",18,"Mon","Jan"
"IG0000009",11,"brand",9044,"reel","Beauty","Reels Feed",0,2025-10-13 05:00:00,2025-10-13,5,"Monday",132,4,7,17,1900,2436,0.0657,739,112,7,"viral",5,"Mon","Oct"
"IG0000010",4,"creator",4972,"reel","Music","Hashtags",0,2025-03-10 11:00:00,2025-03-10,11,"Monday",101,2,3,12,2155,2942,0.0401,611,114,6,"high",11,"Mon","Mar"
"IG0000011",8,"creator",15986,"reel","Fitness","Home Feed",0,2025-04-09 10:00:00,2025-04-09,10,"Wednesday",418,11,21,60,14307,20978,0.0243,390,110,6,"low",10,"Wed","Apr"
"IG0000012",3,"creator",10018,"carousel","Beauty","Hashtags",1,2025-05-03 14:00:00,2025-05-03,14,"Saturday",49,6,2,3,762,1098,0.0546,240,121,8,"high",14,"Sat","May"
"IG0000013",2,"brand",22291,"image","Beauty","Explore",0,2025-08-23 19:00:00,2025-08-23,19,"Saturday",111,1,7,24,4364,6329,0.0226,493,116,8,"low",19,"Sat","Aug"
"IG0000014",12,"creator",13798,"image","Food","Reels Feed",1,2025-04-13 13:00:00,2025-04-13,13,"Sunday",183,6,10,21,3997,6107,0.036,792,123,9,"high",13,"Sun","Apr"
"IG0000015",6,"brand",10034,"reel","Lifestyle","Home Feed",1,2025-03-16 11:00:00,2025-03-16,11,"Sunday",333,10,15,48,5240,6377,0.0637,808,124,6,"viral",11,"Sun","Mar"
"IG0000016",2,"creator",22291,"reel","Music","Hashtags",1,2024-12-06 18:00:00,2024-12-06,18,"Friday",271,8,13,47,5981,8127,0.0417,752,123,8,"high",18,"Fri","Dec"
"IG0000017",1,"creator",9461,"image","Travel","External",0,2025-07-11 20:00:00,2025-07-11,20,"Friday",138,1,4,18,4489,5263,0.0306,920,133,8,"medium",20,"Fri","Jul"
"IG0000018",12,"creator",13798,"carousel","Beauty","Home Feed",0,2025-01-08 11:00:00,2025-01-08,11,"Wednesday",261,5,16,35,6267,9464,0.0335,923,119,14,"medium",11,"Wed","Jan"
"IG0000019",12,"creator",13798,"image","Lifestyle","External",0,2025-06-20 06:00:00,2025-06-20,6,"Friday",120,9,5,24,8187,11264,0.014,892,107,4,"low",6,"Fri","Jun"
"IG0000020",17,"brand",15923,"carousel","Travel","External",0,2025-06-13 04:00:00,2025-06-13,4,"Friday",39,0,2,7,3345,4755,0.0101,216,135,2,"low",4,"Fri","Jun"
"IG0000021",10,"creator",4542,"image","Music","External",0,2025-02-11 14:00:00,2025-02-11,14,"Tuesday",303,0,12,52,3950,5435,0.0675,87,115,11,"viral",14,"Tue","Feb"
"IG0000022",16,"creator",9696,"reel","Fashion","Reels Feed",0,2025-10-04 15:00:00,2025-10-04,15,"Saturday",444,17,24,63,9965,13354,0.041,742,129,12,"high",15,"Sat","Oct"
"IG0000023",15,"creator",8167,"carousel","Photography","Home Feed",0,2025-02-26 10:00:00,2025-02-26,10,"Wednesday",1946,52,96,264,29461,45796,0.0515,311,103,6,"high",10,"Wed","Feb"
"IG0000024",15,"creator",8167,"image","Lifestyle","Profile",1,2025-03-20 19:00:00,2025-03-20,19,"Thursday",78,2,2,11,4093,6214,0.015,64,111,8,"low",19,"Thu","Mar"
"IG0000025",19,"creator",3447,"carousel","Comedy","Profile",1,2025-05-08 16:00:00,2025-05-08,16,"Thursday",68,2,2,7,3610,4454,0.0177,394,109,8,"low",16,"Thu","May"
"IG0000026",12,"brand",13798,"carousel","Fashion","Hashtags",0,2025-02-18 05:00:00,2025-02-18,5,"Tuesday",392,9,27,51,4994,6583,0.0728,243,128,10,"viral",5,"Tue","Feb"
"IG0000027",20,"creator",31095,"carousel","Photography","Reels Feed",0,2024-11-29 19:00:00,2024-11-29,19,"Friday",843,24,42,117,17491,26749,0.0384,925,133,4,"medium",19,"Fri","Nov"
"IG0000028",3,"creator",10018,"carousel","Food","Profile",0,2025-10-19 21:00:00,2025-10-19,21,"Sunday",170,5,8,29,4842,6834,0.031,559,117,6,"medium",21,"Sun","Oct"
"IG0000029",5,"creator",10739,"reel","Technology","Explore",1,2025-08-01 05:00:00,2025-08-01,5,"Friday",76,2,3,3,3605,4679,0.018,382,118,13,"low",5,"Fri","Aug"
"IG0000030",19,"creator",3447,"carousel","Fitness","External",1,2025-07-26 11:00:00,2025-07-26,11,"Saturday",0,5,18,52,8818,10172,0.0074,286,147,12,"medium",11,"Sat","Jul"
"IG0000031",7,"creator",3551,"reel","Comedy","Home Feed",0,2025-04-25 19:00:00,2025-04-25,19,"Friday",65,0,10,11,1555,2211,0.0389,419,106,5,"medium",19,"Fri","Apr"
"IG0000032",9,"creator",6916,"image","Food","Profile",1,2025-05-25 07:00:00,2025-05-25,7,"Sunday",253,0,16,36,5064,7689,0.0397,114,101,4,"high",7,"Sun","May"
"IG0000033",7,"creator",3551,"reel","Music","Home Feed",0,2025-04-17 19:00:00,2025-04-17,19,"Thursday",56,4,2,10,3493,4286,0.0168,882,126,8,"low",19,"Thu","Apr"
"IG0000034",18,"creator",7486,"carousel","Food","Explore",1,2025-09-02 04:00:00,2025-09-02,4,"Tuesday",836,21,40,132,12648,19638,0.0524,888,123,9,"high",4,"Tue","Sep"
"IG0000035",4,"creator",4972,"image","Technology","External",1,2025-07-14 20:00:00,2025-07-14,20,"Monday",104,3,5,17,2063,2340,0.0551,916,95,6,"high",20,"Mon","Jul"
"IG0000036",14,"brand",3083,"reel","Music","Explore",0,2025-02-02 10:00:00,2025-02-02,10,"Sunday",607,22,31,78,10668,14021,0.0526,861,116,8,"high",10,"Sun","Feb"
"IG0000037",18,"creator",7486,"reel","Comedy","Reels Feed",0,2024-12-01 01:00:00,2024-12-01,1,"Sunday",0,6,14,42,15570,17200,0.0036,336,114,5,"low",1,"Sun","Dec"
"IG0000038",9,"creator",6916,"carousel","Technology","Reels Feed",0,2025-11-08 07:00:00,2025-11-08,7,"Saturday",12,0,0,2,623,845,0.0166,311,110,6,"low",7,"Sat","Nov"
"IG0000039",2,"creator",22291,"image","Travel","External",1,2025-04-11 07:00:00,2025-04-11,7,"Friday",927,21,47,151,17275,21598,0.0531,621,130,9,"high",7,"Fri","Apr"
"IG0000040",20,"brand",31095,"image","Fitness","Hashtags",0,2025-07-10 07:00:00,2025-07-10,7,"Thursday",197,0,7,36,7200,11331,0.0212,907,111,7,"low",7,"Thu","Jul"
"IG0000041",15,"brand",8167,"image","Comedy","External",1,2024-11-25 16:00:00,2024-11-25,16,"Monday",332,9,13,44,7259,10099,0.0394,359,142,10,"high",16,"Mon","Nov"
"IG0000042",7,"creator",3551,"image","Travel","Explore",1,2025-01-24 06:00:00,2025-01-24,6,"Friday",162,2,4,25,4726,6342,0.0304,184,124,10,"medium",6,"Fri","Jan"
"IG0000043",12,"creator",13798,"reel","Photography","Reels Feed",0,2025-10-21 02:00:00,2025-10-21,2,"Tuesday",36,1,2,10,2191,3085,0.0159,872,125,10,"low",2,"Tue","Oct"
"IG0000045",15,"creator",8167,"image","Photography","External",0,2025-06-28 04:00:00,2025-06-28,4,"Saturday",796,17,36,120,11931,14927,0.0649,419,141,8,"viral",4,"Sat","Jun"
"IG0000046",3,"brand",10018,"reel","Music","Profile",0,2025-07-29 15:00:00,2025-07-29,15,"Tuesday",380,11,18,50,4926,7384,0.0622,924,104,5,"viral",15,"Tue","Jul"
"IG0000047",14,"creator",3083,"image","Travel","Hashtags",0,2025-05-17 03:00:00,2025-05-17,3,"Saturday",114,1,4,13,1634,2605,0.0507,49,128,5,"high",3,"Sat","May"
"IG0000048",17,"creator",15923,"carousel","Fitness","Home Feed",1,2024-12-08 14:00:00,2024-12-08,14,"Sunday",133,2,12,18,2230,3232,0.0511,335,131,10,"high",14,"Sun","Dec"
"IG0000049",4,"creator",4972,"carousel","Technology","External",0,2025-07-23 22:00:00,2025-07-23,22,"Wednesday",109,1,8,12,3106,3478,0.0374,885,115,11,"medium",22,"Wed","Jul"
"IG0000050",18,"creator",7486,"reel","Beauty","External",1,2025-04-15 16:00:00,2025-04-15,16,"Tuesday",149,1,6,26,5481,7116,0.0256,370,144,10,"medium",16,"Tue","Apr"
"IG0000051",8,"brand",15986,"reel","Food","Reels Feed",1,2025-03-12 16:00:00,2025-03-12,16,"Wednesday",166,3,9,27,3436,4009,0.0511,426,122,6,"high",16,"Wed","Mar"
"IG0000052",4,"brand",4972,"reel","Fashion","Hashtags",0,2025-10-15 12:00:00,2025-10-15,12,"Wednesday",28,2,2,8,2301,3165,0.0126,870,120,8,"low",12,"Wed","Oct"
"IG0000053",2,"creator",22291,"image","Fitness","External",1,2025-05-09 23:00:00,2025-05-09,23,"Friday",336,12,14,47,5113,7017,0.0583,514,108,6,"viral",23,"Fri","May"
"IG0000054",6,"creator",10034,"image","Travel","Profile",0,2025-04-22 10:00:00,2025-04-22,10,"Tuesday",273,8,17,41,12214,18325,0.0185,947,129,9,"low",10,"Tue","Apr"
"IG0000055",10,"brand",4542,"carousel","Beauty","External",0,2025-02-19 15:00:00,2025-02-19,15,"Wednesday",154,5,8,23,4566,5996,0.0317,637,115,6,"medium",15,"Wed","Feb"
"IG0000056",4,"creator",4972,"reel","Fitness","External",0,2025-07-23 03:00:00,2025-07-23,3,"Wednesday",96,1,4,12,2577,3508,0.0322,576,130,5,"medium",3,"Wed","Jul"
"IG0000057",18,"creator",7486,"carousel","Travel","Home Feed",1,2025-04-21 14:00:00,2025-04-21,14,"Monday",179,3,10,21,2743,3141,0.0678,621,103,13,"viral",14,"Mon","Apr"
"IG0000058",12,"creator",13798,"image","Lifestyle","Reels Feed",0,2025-02-15 11:00:00,2025-02-15,11,"Saturday",88,3,4,15,5256,7887,0.0139,669,134,6,"low",11,"Sat","Feb"
"IG0000059",2,"creator",22291,"reel","Lifestyle","External",0,2025-02-11 13:00:00,2025-02-11,13,"Tuesday",89,0,3,18,2450,3197,0.0344,685,127,9,"medium",13,"Tue","Feb"
"IG0000060",10,"brand",4542,"reel","Photography","Explore",0,2025-10-14 12:00:00,2025-10-14,12,"Tuesday",25,0,0,6,1249,1645,0.0188,574,116,10,"low",12,"Tue","Oct"
"IG0000061",4,"creator",4972,"image","Fitness","Hashtags",0,2024-12-20 08:00:00,2024-12-20,8,"Friday",387,8,18,59,6898,11008,0.0429,80,111,10,"high",8,"Fri","Dec"
"IG0000062",14,"creator",3083,"image","Lifestyle","Reels Feed",0,2025-08-23 14:00:00,2025-08-23,14,"Saturday",210,5,14,23,3588,5562,0.0453,92,127,6,"high",14,"Sat","Aug"
"IG0000063",16,"brand",9696,"reel","Travel","Profile",1,2024-12-17 15:00:00,2024-12-17,15,"Tuesday",222,13,9,38,3230,4484,0.0629,718,136,8,"viral",15,"Tue","Dec"
"IG0000064",15,"creator",8167,"carousel","Photography","Explore",0,2025-03-20 09:00:00,2025-03-20,9,"Thursday",830,20,32,115,17503,23815,0.0419,493,123,6,"high",9,"Thu","Mar"
"IG0000065",8,"creator",15986,"image","Travel","Profile",1,2025-06-27 04:00:00,2025-06-27,4,"Friday",305,9,12,42,5675,8748,0.0421,360,106,6,"medium",4,"Fri","Jun"
"IG0000066",14,"brand",3083,"image","Photography","Hashtags",1,2025-07-06 10:00:00,2025-07-06,10,"Sunday",611,20,27,89,22054,32271,0.0231,886,115,8,"medium",10,"Sun","Jul"
"IG0000067",8,"creator",15986,"carousel","Fitness","External",1,2025-07-04 05:00:00,2025-07-04,5,"Friday",46,1,1,3,3430,4043,0.0126,335,138,11,"low",5,"Fri","Jul"
"IG0000068",16,"creator",9696,"carousel","Beauty","Home Feed",1,2025-04-22 10:00:00,2025-04-22,10,"Tuesday",80,1,3,13,1217,1646,0.0589,524,115,5,"viral",10,"Tue","Apr"
"IG0000069",13,"creator",5824,"image","Technology","Reels Feed",0,2024-12-31 01:00:00,2024-12-31,1,"Tuesday",112,3,7,20,3818,5470,0.026,816,125,6,"medium",1,"Tue","Dec"
"IG0000070",18,"brand",7486,"reel","Comedy","External",0,2025-06-17 18:00:00,2025-06-17,18,"Tuesday",377,12,18,45,7438,11663,0.0388,358,151,6,"medium",18,"Tue","Jun"
"IG0000071",15,"creator",8167,"carousel","Beauty","Reels Feed",0,2025-02-08 22:00:00,2025-02-08,22,"Saturday",222,11,12,38,7073,11199,0.0253,244,130,6,"medium",22,"Sat","Feb"
"IG0000072",13,"creator",5824,"carousel","Music","Home Feed",1,2025-05-09 14:00:00,2025-05-09,14,"Friday",56,2,4,11,1464,1925,0.0379,555,126,2,"medium",14,"Fri","May"
"IG0000073",9,"creator",6916,"carousel","Travel","External",1,2025-07-26 11:00:00,2025-07-26,11,"Saturday",171,0,12,29,5473,6041,0.0351,228,117,8,"medium",11,"Sat","Jul"
"IG0000074",15,"brand",8167,"image","Music","External",0,2025-10-30 06:00:00,2025-10-30,6,"Thursday",147,5,6,18,2483,3019,0.0583,741,110,8,"viral",6,"Thu","Oct"
"IG0000075",13,"creator",5824,"reel","Beauty","Hashtags",0,2025-01-23 05:00:00,2025-01-23,5,"Thursday",283,8,13,50,5771,8206,0.0431,215,106,7,"high",5,"Thu","Jan"
"IG0000076",1,"brand",9461,"image","Photography","Reels Feed",0,2025-04-12 10:00:00,2025-04-12,10,"Saturday",374,20,18,57,6971,8922,0.0526,145,122,2,"high",10,"Sat","Apr"
"IG0000077",7,"creator",3551,"carousel","Comedy","Profile",0,2025-06-29 03:00:00,2025-06-29,3,"Sunday",98,2,7,17,5374,6205,0.02,974,137,11,"low",3,"Sun","Jun"
"IG0000078",9,"creator",6916,"carousel","Comedy","Reels Feed",0,2024-12-14 13:00:00,2024-12-14,13,"Saturday",442,14,26,62,13229,17187,0.0317,73,134,7,"medium",13,"Sat","Dec"
"IG0000079",1,"brand",9461,"image","Fashion","Explore",0,2025-10-20 09:00:00,2025-10-20,9,"Monday",20,0,1,0,649,927,0.0227,730,132,11,"medium",9,"Mon","Oct"
"IG0000080",12,"creator",13798,"carousel","Comedy","Hashtags",0,2025-06-02 14:00:00,2025-06-02,14,"Monday",424,16,14,69,5620,8267,0.0633,550,133,11,"viral",14,"Mon","Jun"
"IG0000081",8,"creator",15986,"image","Technology","External",0,2025-02-21 03:00:00,2025-02-21,3,"Friday",304,10,10,46,4974,6248,0.0592,290,128,8,"viral",3,"Fri","Feb"
"IG0000082",11,"creator",9044,"carousel","Comedy","Hashtags",0,2025-04-11 12:00:00,2025-04-11,12,"Friday",208,6,11,23,3185,4755,0.0522,52,105,6,"high",12,"Fri","Apr"
"IG0000083",19,"creator",3447,"carousel","Beauty","External",0,2025-04-27 07:00:00,2025-04-27,7,"Sunday",103,1,2,19,5072,7960,0.0157,632,128,6,"low",7,"Sun","Apr"
"IG0000084",17,"creator",15923,"image","Fashion","Profile",0,2025-06-26 23:00:00,2025-06-26,23,"Thursday",217,8,11,41,3855,5311,0.0522,214,106,12,"high",23,"Thu","Jun"
"IG0000085",8,"brand",15986,"carousel","Beauty","Reels Feed",1,2025-01-03 07:00:00,2025-01-03,7,"Friday",264,15,14,44,11942,18409,0.0183,109,111,7,"low",7,"Fri","Jan"
"IG0000086",3,"brand",10018,"image","Beauty","Home Feed",0,2025-06-21 12:00:00,2025-06-21,12,"Saturday",549,16,34,76,17769,22997,0.0294,615,147,3,"medium",12,"Sat","Jun"
"IG0000087",3,"creator",10018,"image","Food","External",0,2025-07-09 10:00:00,2025-07-09,10,"Wednesday",154,6,9,20,4757,7514,0.0252,858,120,9,"low",10,"Wed","Jul"
"IG0000088",1,"brand",9461,"image","Fashion","Reels Feed",0,2025-08-11 04:00:00,2025-08-11,4,"Monday",236,6,9,35,7666,9462,0.0302,265,138,10,"medium",4,"Mon","Aug"
"IG0000089",5,"creator",10739,"image","Beauty","Explore",0,2025-04-12 17:00:00,2025-04-12,17,"Saturday",77,1,6,13,2424,3116,0.0311,550,112,3,"medium",17,"Sat","Apr"
"IG0000090",10,"creator",4542,"reel","Food","Profile",0,2025-03-06 17:00:00,2025-03-06,17,"Thursday",102,0,5,15,3248,4339,0.0281,104,122,7,"medium",17,"Thu","Mar"
"IG0000091",7,"creator",3551,"carousel","Food","Reels Feed",0,2025-06-02 01:00:00,2025-06-02,1,"Monday",859,28,33,132,18959,27322,0.0385,852,118,12,"medium",1,"Mon","Jun"
"IG0000092",9,"creator",6916,"carousel","Fashion","Profile",0,2025-06-16 21:00:00,2025-06-16,21,"Monday",266,8,12,42,3456,4195,0.0782,749,117,9,"viral",21,"Mon","Jun"
"IG0000093",7,"creator",3551,"reel","Music","External",1,2025-08-03 14:00:00,2025-08-03,14,"Sunday",198,6,7,17,10770,14676,0.0155,481,129,9,"low",14,"Sun","Aug"
"IG0000094",9,"brand",6916,"image","Photography","External",1,2025-08-30 04:00:00,2025-08-30,4,"Saturday",126,4,8,16,1644,2454,0.0628,859,120,9,"viral",4,"Sat","Aug"
"IG0000095",8,"brand",15986,"image","Technology","Profile",0,2025-09-10 19:00:00,2025-09-10,19,"Wednesday",103,4,5,12,1815,2446,0.0507,576,133,9,"high",19,"Wed","Sep"
"IG0000096",12,"creator",13798,"carousel","Photography","Home Feed",0,2025-02-01 03:00:00,2025-02-01,3,"Saturday",96,3,6,15,4596,6557,0.0183,682,109,10,"low",3,"Sat","Feb"
"IG0000097",2,"creator",22291,"carousel","Comedy","External",1,2024-11-21 07:00:00,2024-11-21,7,"Thursday",194,0,4,22,2666,3894,0.0565,534,118,5,"viral",7,"Thu","Nov"
"IG0000098",1,"creator",9461,"reel","Technology","Hashtags",0,2024-12-18 17:00:00,2024-12-18,17,"Wednesday",49,0,2,11,2529,3779,0.0164,914,106,8,"low",17,"Wed","Dec"
"IG0000099",16,"brand",9696,"image","Comedy","Hashtags",1,2025-01-31 20:00:00,2025-01-31,20,"Friday",86,1,5,13,5064,7357,0.0143,340,111,13,"low",20,"Fri","Jan"
"IG0000100",5,"creator",10739,"carousel","Beauty","External",0,2024-11-21 22:00:00,2024-11-21,22,"Thursday",57,0,3,6,2926,4511,0.0146,335,96,10,"low",22,"Thu","Nov"
"IG0000101",3,"creator",10018,"carousel","Travel","Home Feed",1,2025-02-18 14:00:00,2025-02-18,14,"Tuesday",58,1,1,10,4662,6162,0.0114,31,100,7,"low",14,"Tue","Feb"
"IG0000102",12,"brand",13798,"image","Fashion","Home Feed",0,2025-06-16 11:00:00,2025-06-16,11,"Monday",760,18,48,128,14564,21812,0.0437,445,93,2,"high",11,"Mon","Jun"
"IG0000103",8,"creator",15986,"image","Technology","Explore",0,2024-12-19 06:00:00,2024-12-19,6,"Thursday",270,0,9,37,3989,6237,0.0507,105,106,12,"viral",6,"Thu","Dec"
"IG0000104",3,"creator",10018,"image","Technology","Profile",0,2025-11-16 15:00:00,2025-11-16,15,"Sunday",161,4,5,34,6335,8249,0.0247,905,106,8,"medium",15,"Sun","Nov"
"IG0000105",1,"creator",9461,"reel","Beauty","Reels Feed",0,2025-01-26 07:00:00,2025-01-26,7,"Sunday",78,1,4,0,1232,1958,0.0424,934,124,8,"high",7,"Sun","Jan"
"IG0000106",3,"creator",10018,"image","Music","Profile",0,2025-03-11 13:00:00,2025-03-11,13,"Tuesday",266,10,10,0,5472,8490,0.0337,205,112,7,"medium",13,"Tue","Mar"
"IG0000107",5,"creator",10739,"carousel","Food","External",0,2025-06-29 18:00:00,2025-06-29,18,"Sunday",388,14,21,61,26032,40087,0.0121,975,109,2,"low",18,"Sun","Jun"
"IG0000108",15,"creator",8167,"image","Beauty","Hashtags",0,2025-06-02 17:00:00,2025-06-02,17,"Monday",38,2,1,5,3266,4989,0.0092,442,128,9,"low",17,"Mon","Jun"
"IG0000109",14,"creator",3083,"image","Lifestyle","Home Feed",0,2025-06-26 07:00:00,2025-06-26,7,"Thursday",714,23,24,95,12067,13440,0.0637,170,123,6,"viral",7,"Thu","Jun"
"IG0000110",3,"creator",10018,"reel","Food","Home Feed",0,2025-03-28 15:00:00,2025-03-28,15,"Friday",182,5,9,21,3552,5553,0.0391,842,122,7,"medium",15,"Fri","Mar"
"IG0000111",1,"creator",9461,"image","Fashion","External",1,2025-04-07 08:00:00,2025-04-07,8,"Monday",111,3,6,15,2110,2690,0.0502,724,130,9,"high",8,"Mon","Apr"
"IG0000113",14,"creator",3083,"image","Music","Explore",0,2025-04-30 07:00:00,2025-04-30,7,"Wednesday",409,15,27,75,10574,14101,0.0373,41,119,7,"medium",7,"Wed","Apr"
"IG0000114",7,"brand",3551,"image","Food","Explore",0,2025-03-05 06:00:00,2025-03-05,6,"Wednesday",666,11,36,96,9733,15371,0.0526,71,126,7,"high",6,"Wed","Mar"
"IG0000115",9,"creator",6916,"image","Fashion","Explore",0,2025-05-12 07:00:00,2025-05-12,7,"Monday",92,3,3,23,5488,8527,0.0142,151,136,11,"low",7,"Mon","May"
"IG0000116",15,"creator",8167,"reel","Music","Reels Feed",0,2025-02-05 12:00:00,2025-02-05,12,"Wednesday",118,5,4,18,3701,5060,0.0287,444,112,8,"medium",12,"Wed","Feb"
"IG0000117",15,"creator",8167,"image","Photography","External",0,2025-07-29 02:00:00,2025-07-29,2,"Tuesday",625,20,33,98,8958,12620,0.0615,964,124,9,"viral",2,"Tue","Jul"
"IG0000118",10,"creator",4542,"carousel","Technology","Reels Feed",0,2025-04-30 01:00:00,2025-04-30,1,"Wednesday",237,9,9,37,4622,6992,0.0418,95,128,7,"high",1,"Wed","Apr"
"IG0000119",13,"creator",5824,"image","Technology","External",1,2025-03-10 12:00:00,2025-03-10,12,"Monday",117,3,7,15,4645,6192,0.0229,495,123,10,"medium",12,"Mon","Mar"
"IG0000120",19,"brand",3447,"reel","Comedy","Reels Feed",0,2025-04-20 03:00:00,2025-04-20,3,"Sunday",20,0,1,4,1309,1496,0.0167,881,118,6,"low",3,"Sun","Apr"
"IG0000121",7,"creator",3551,"image","Photography","Reels Feed",0,2025-06-24 22:00:00,2025-06-24,22,"Tuesday",558,16,26,92,8359,10904,0.0635,88,131,5,"viral",22,"Tue","Jun"
"IG0000122",17,"brand",15923,"carousel","Photography","Hashtags",1,2024-12-22 01:00:00,2024-12-22,1,"Sunday",191,9,10,24,2974,4239,0.0552,291,126,10,"high",1,"Sun","Dec"
"IG0000123",20,"creator",31095,"carousel","Food","Reels Feed",1,2025-10-30 22:00:00,2025-10-30,22,"Thursday",127,4,6,25,6432,8126,0.0199,196,129,8,"low",22,"Thu","Oct"
"IG0000124",4,"creator",4972,"image","Technology","Reels Feed",0,2025-10-10 06:00:00,2025-10-10,6,"Friday",164,5,8,26,4860,6617,0.0307,762,108,6,"medium",6,"Fri","Oct"
"IG0000125",5,"brand",10739,"carousel","Fashion","Reels Feed",0,2025-06-14 08:00:00,2025-06-14,8,"Saturday",89,6,3,8,5619,8609,0.0123,313,121,11,"low",8,"Sat","Jun"
"IG0000126",7,"creator",3551,"reel","Fitness","Explore",1,2025-09-24 18:00:00,2025-09-24,18,"Wednesday",129,4,7,16,5575,7061,0.0221,817,123,8,"low",18,"Wed","Sep"
"IG0000127",13,"creator",5824,"image","Fitness","Explore",0,2025-06-07 08:00:00,2025-06-07,8,"Saturday",114,3,9,25,1452,2227,0.0678,755,112,10,"viral",8,"Sat","Jun"
"IG0000128",15,"creator",8167,"reel","Music","Home Feed",0,2025-07-13 22:00:00,2025-07-13,22,"Sunday",155,4,7,21,2005,2740,0.0682,594,119,3,"viral",22,"Sun","Jul"
"IG0000129",11,"creator",9044,"image","Technology","Reels Feed",0,2024-12-13 10:00:00,2024-12-13,10,"Friday",196,11,14,31,2945,3626,0.0695,314,93,11,"viral",10,"Fri","Dec"
"IG0000130",4,"creator",4972,"image","Technology","Hashtags",0,2025-08-14 12:00:00,2025-08-14,12,"Thursday",158,4,10,15,5887,7778,0.024,622,110,10,"low",12,"Thu","Aug"
"IG0000131",13,"brand",5824,"image","Fitness","Profile",0,2024-11-24 07:00:00,2024-11-24,7,"Sunday",174,9,7,23,4343,6653,0.032,423,126,6,"medium",7,"Sun","Nov"
"IG0000132",7,"creator",3551,"reel","Technology","Home Feed",1,2025-10-02 13:00:00,2025-10-02,13,"Thursday",854,26,34,115,19172,25478,0.0404,308,112,4,"high",13,"Thu","Oct"
"IG0000133",19,"brand",3447,"image","Food","External",0,2025-09-29 18:00:00,2025-09-29,18,"Monday",25,1,0,2,2120,2870,0.0098,998,122,8,"low",18,"Mon","Sep"
"IG0000134",2,"creator",22291,"carousel","Lifestyle","Explore",0,2025-04-29 04:00:00,2025-04-29,4,"Tuesday",680,18,18,102,14338,20743,0.0394,132,142,7,"medium",4,"Tue","Apr"
"IG0000135",10,"creator",4542,"carousel","Travel","Reels Feed",0,2025-02-04 15:00:00,2025-02-04,15,"Tuesday",164,3,9,23,10093,15222,0.0131,934,114,13,"low",15,"Tue","Feb"
"IG0000136",13,"creator",5824,"reel","Photography","Explore",1,2025-04-10 06:00:00,2025-04-10,6,"Thursday",256,6,12,38,5557,6432,0.0485,980,115,7,"high",6,"Thu","Apr"
"IG0000137",6,"creator",10034,"reel","Comedy","Profile",0,2024-12-07 23:00:00,2024-12-07,23,"Saturday",77,2,6,15,2312,3303,0.0303,473,128,8,"medium",23,"Sat","Dec"
"IG0000138",12,"creator",13798,"reel","Music","External",0,2025-06-11 13:00:00,2025-06-11,13,"Wednesday",321,8,15,60,6987,10929,0.037,372,126,8,"medium",13,"Wed","Jun"
"IG0000139",12,"creator",13798,"reel","Lifestyle","Home Feed",0,2025-08-31 21:00:00,2025-08-31,21,"Sunday",200,6,0,20,2903,4268,0.053,189,120,12,"high",21,"Sun","Aug"
"IG0000140",20,"brand",31095,"image","Fitness","Hashtags",0,2025-08-21 21:00:00,2025-08-21,21,"Thursday",47,4,3,12,1135,1534,0.043,337,133,7,"high",21,"Thu","Aug"
"IG0000141",11,"brand",9044,"image","Photography","Hashtags",0,2025-01-20 04:00:00,2025-01-20,4,"Monday",86,3,6,20,3631,4427,0.026,622,118,6,"medium",4,"Mon","Jan"
"IG0000142",7,"brand",3551,"reel","Technology","Hashtags",0,2025-04-25 19:00:00,2025-04-25,19,"Friday",57,1,5,8,3353,4534,0.0157,144,128,7,"low",19,"Fri","Apr"
"IG0000143",1,"creator",9461,"reel","Comedy","Hashtags",0,2025-05-25 15:00:00,2025-05-25,15,"Sunday",181,6,11,27,10017,11580,0.0194,738,129,2,"low",15,"Sun","May"
"IG0000144",1,"brand",9461,"image","Technology","Explore",0,2025-01-11 06:00:00,2025-01-11,6,"Saturday",385,7,18,58,5300,6949,0.0673,331,100,9,"viral",6,"Sat","Jan"
"IG0000145",20,"creator",31095,"image","Fashion","External",0,2024-12-06 20:00:00,2024-12-06,20,"Friday",0,13,19,78,7035,9748,0.0113,59,112,8,"high",20,"Fri","Dec"
"IG0000146",13,"brand",5824,"carousel","Fashion","External",1,2025-11-08 15:00:00,2025-11-08,15,"Saturday",325,13,15,43,7373,9306,0.0426,851,105,3,"high",15,"Sat","Nov"
"IG0000147",9,"creator",6916,"carousel","Comedy","Reels Feed",1,2025-08-08 23:00:00,2025-08-08,23,"Friday",75,4,2,10,1737,2257,0.0403,345,118,6,"medium",23,"Fri","Aug"
"IG0000148",3,"creator",10018,"image","Comedy","Profile",0,2025-10-01 11:00:00,2025-10-01,11,"Wednesday",947,31,47,140,11912,17917,0.065,740,115,3,"viral",11,"Wed","Oct"
"IG0000149",7,"brand",3551,"reel","Fitness","Home Feed",0,2025-06-19 15:00:00,2025-06-19,15,"Thursday",399,8,27,71,12911,17389,0.029,59,125,12,"medium",15,"Thu","Jun"
"IG0000150",6,"creator",10034,"image","Comedy","Hashtags",1,2025-07-18 16:00:00,2025-07-18,16,"Friday",81,3,6,15,4340,4812,0.0218,265,104,10,"medium",16,"Fri","Jul"
"IG0000151",8,"brand",15986,"image","Food","Explore",0,2025-04-23 07:00:00,2025-04-23,7,"Wednesday",261,6,11,36,4576,6878,0.0457,912,114,13,"high",7,"Wed","Apr"
"IG0000152",9,"creator",6916,"carousel","Technology","Profile",0,2025-06-19 11:00:00,2025-06-19,11,"Thursday",585,14,0,72,8069,10583,0.0634,511,131,8,"viral",11,"Thu","Jun"
"IG0000153",5,"creator",10739,"reel","Lifestyle","Hashtags",0,2025-09-04 04:00:00,2025-09-04,4,"Thursday",513,12,35,80,10342,12127,0.0528,78,133,11,"high",4,"Thu","Sep"
"IG0000154",1,"brand",9461,"carousel","Beauty","Hashtags",0,2025-06-25 03:00:00,2025-06-25,3,"Wednesday",211,6,12,37,9219,12127,0.0219,346,129,8,"low",3,"Wed","Jun"
"IG0000155",19,"creator",3447,"image","Comedy","Profile",1,2024-12-17 21:00:00,2024-12-17,21,"Tuesday",344,11,11,53,4640,6645,0.0631,40,99,6,"viral",21,"Tue","Dec"
"IG0000156",10,"brand",4542,"carousel","Music","Profile",0,2025-05-17 22:00:00,2025-05-17,22,"Saturday",194,5,6,37,10208,14693,0.0165,908,114,4,"low",22,"Sat","May"
"IG0000157",12,"creator",13798,"image","Fashion","Explore",0,2025-09-27 18:00:00,2025-09-27,18,"Saturday",180,6,8,30,2642,4006,0.0559,282,103,9,"viral",18,"Sat","Sep"
"IG0000158",15,"creator",8167,"image","Food","Profile",0,2025-05-20 11:00:00,2025-05-20,11,"Tuesday",455,8,21,59,9726,11112,0.0489,474,107,5,"high",11,"Tue","May"
"IG0000159",9,"creator",6916,"carousel","Photography","Reels Feed",1,2025-09-05 03:00:00,2025-09-05,3,"Friday",166,2,13,26,2886,4383,0.0472,142,115,16,"high",3,"Fri","Sep"
"IG0000160",20,"creator",31095,"image","Beauty","External",0,2025-06-20 06:00:00,2025-06-20,6,"Friday",399,9,22,62,11831,13840,0.0355,840,116,5,"medium",6,"Fri","Jun"
"IG0000161",17,"brand",15923,"carousel","Lifestyle","Explore",0,2025-09-01 06:00:00,2025-09-01,6,"Monday",152,0,8,22,5182,7417,0.0245,59,113,8,"medium",6,"Mon","Sep"
"IG0000162",17,"creator",15923,"carousel","Beauty","Reels Feed",0,2024-12-23 18:00:00,2024-12-23,18,"Monday",217,8,16,33,4505,7146,0.0383,459,139,9,"medium",18,"Mon","Dec"
"IG0000163",20,"creator",31095,"image","Comedy","Reels Feed",0,2025-09-28 02:00:00,2025-09-28,2,"Sunday",174,6,7,28,2388,3539,0.0608,866,122,7,"viral",2,"Sun","Sep"
"IG0000164",12,"brand",13798,"image","Fitness","Explore",0,2025-02-07 23:00:00,2025-02-07,23,"Friday",539,20,31,92,10645,16257,0.042,646,121,7,"medium",23,"Fri","Feb"
"IG0000165",7,"creator",3551,"carousel","Fashion","Explore",0,2025-05-06 23:00:00,2025-05-06,23,"Tuesday",386,0,14,50,14020,16108,0.0279,363,113,7,"medium",23,"Tue","May"
"IG0000166",2,"brand",22291,"reel","Fashion","Home Feed",0,2025-08-27 18:00:00,2025-08-27,18,"Wednesday",103,5,4,13,2484,3366,0.0371,644,136,6,"high",18,"Wed","Aug"
"IG0000167",3,"brand",10018,"carousel","Photography","Reels Feed",1,2025-09-11 22:00:00,2025-09-11,22,"Thursday",157,4,6,26,2242,3039,0.0635,866,119,11,"viral",22,"Thu","Sep"
"IG0000168",17,"creator",15923,"reel","Fitness","External",0,2025-01-02 18:00:00,2025-01-02,18,"Thursday",61,2,2,7,2246,2915,0.0247,837,109,2,"medium",18,"Thu","Jan"
"IG0000169",5,"creator",10739,"carousel","Technology","Hashtags",0,2025-02-19 12:00:00,2025-02-19,12,"Wednesday",94,1,3,10,5665,8842,0.0122,758,133,6,"low",12,"Wed","Feb"
"IG0000170",17,"creator",15923,"carousel","Travel","Hashtags",0,2024-12-26 13:00:00,2024-12-26,13,"Thursday",95,4,4,12,3484,4386,0.0262,919,134,6,"medium",13,"Thu","Dec"
"IG0000171",17,"brand",15923,"image","Food","Home Feed",0,2025-06-05 17:00:00,2025-06-05,17,"Thursday",682,18,43,111,10411,16144,0.0529,797,105,7,"high",17,"Thu","Jun"
"IG0000172",17,"creator",15923,"reel","Fashion","Hashtags",1,2025-06-05 06:00:00,2025-06-05,6,"Thursday",46,1,4,0,3752,4379,0.0116,15,129,7,"low",6,"Thu","Jun"
"IG0000173",2,"brand",22291,"carousel","Music","Explore",0,2025-02-23 12:00:00,2025-02-23,12,"Sunday",165,4,7,26,4405,6655,0.0304,610,144,10,"medium",12,"Sun","Feb"
"IG0000174",2,"creator",22291,"carousel","Fashion","Explore",0,2025-11-14 23:00:00,2025-11-14,23,"Friday",181,5,11,20,5006,7710,0.0281,200,108,10,"medium",23,"Fri","Nov"
"IG0000175",5,"brand",10739,"image","Beauty","Profile",0,2025-02-14 13:00:00,2025-02-14,13,"Friday",68,2,4,6,3033,4271,0.0187,682,134,12,"low",13,"Fri","Feb"
"IG0000176",1,"brand",9461,"image","Fashion","Home Feed",1,2025-04-27 16:00:00,2025-04-27,16,"Sunday",105,1,5,10,1461,1870,0.0647,898,87,10,"viral",16,"Sun","Apr"
"IG0000177",1,"brand",9461,"image","Fashion","Profile",0,2024-12-26 14:00:00,2024-12-26,14,"Thursday",0,2,6,18,2696,3959,0.0066,930,117,16,"medium",14,"Thu","Dec"
"IG0000178",19,"creator",3447,"reel","Travel","Hashtags",1,2024-12-31 08:00:00,2024-12-31,8,"Tuesday",121,5,5,16,2652,4126,0.0356,332,111,10,"medium",8,"Tue","Dec"
"IG0000179",2,"creator",22291,"image","Travel","Reels Feed",0,2025-04-27 01:00:00,2025-04-27,1,"Sunday",247,9,15,34,3360,4378,0.0697,248,105,5,"viral",1,"Sun","Apr"
"IG0000180",12,"creator",13798,"image","Lifestyle","Home Feed",1,2025-03-15 02:00:00,2025-03-15,2,"Saturday",36,1,0,9,2385,3248,0.0142,90,120,9,"low",2,"Sat","Mar"
"IG0000181",6,"creator",10034,"carousel","Technology","External",0,2025-07-25 07:00:00,2025-07-25,7,"Friday",852,28,33,137,11702,16150,0.065,671,121,9,"viral",7,"Fri","Jul"
"IG0000182",4,"creator",4972,"reel","Music","Home Feed",0,2025-05-17 17:00:00,2025-05-17,17,"Saturday",335,9,14,49,5256,6853,0.0594,921,135,4,"viral",17,"Sat","May"
"IG0000183",11,"brand",9044,"image","Fashion","Explore",1,2025-11-17 22:00:00,2025-11-17,22,"Monday",71,1,4,6,4949,5658,0.0145,802,127,6,"low",22,"Mon","Nov"
"IG0000184",17,"brand",15923,"image","Fashion","Reels Feed",1,2025-09-01 10:00:00,2025-09-01,10,"Monday",290,5,13,43,4428,5194,0.0676,193,104,14,"viral",10,"Mon","Sep"
"IG0000185",6,"creator",10034,"image","Food","External",1,2025-10-01 23:00:00,2025-10-01,23,"Wednesday",111,7,7,22,5594,7565,0.0194,750,117,10,"low",23,"Wed","Oct"
"IG0000186",5,"brand",10739,"carousel","Travel","Explore",0,2025-02-27 09:00:00,2025-02-27,9,"Thursday",1244,33,69,168,15848,20073,0.0754,345,117,8,"viral",9,"Thu","Feb"
"IG0000187",20,"creator",31095,"reel","Music","Hashtags",1,2024-11-29 20:00:00,2024-11-29,20,"Friday",173,8,7,21,4338,6608,0.0316,152,127,10,"medium",20,"Fri","Nov"
"IG0000188",2,"creator",22291,"carousel","Photography","Reels Feed",0,2025-06-06 10:00:00,2025-06-06,10,"Friday",75,4,2,7,3265,4973,0.0177,273,131,11,"low",10,"Fri","Jun"
"IG0000189",6,"brand",10034,"image","Lifestyle","Explore",0,2025-10-21 02:00:00,2025-10-21,2,"Tuesday",48,1,3,7,1685,2336,0.0253,387,126,9,"medium",2,"Tue","Oct"
"IG0000190",11,"brand",9044,"image","Technology","Profile",0,2025-11-01 11:00:00,2025-11-01,11,"Saturday",1852,61,89,327,41265,49836,0.0467,761,129,10,"high",11,"Sat","Nov"
"IG0000191",16,"creator",9696,"reel","Fitness","Hashtags",0,2025-03-01 08:00:00,2025-03-01,8,"Saturday",86,2,3,10,4530,7176,0.0141,9,128,5,"low",8,"Sat","Mar"
"IG0000192",16,"brand",9696,"reel","Technology","External",1,2025-11-07 11:00:00,2025-11-07,11,"Friday",68,2,1,9,1055,1321,0.0606,712,130,10,"viral",11,"Fri","Nov"
"IG0000193",1,"brand",9461,"carousel","Beauty","External",0,2025-07-27 13:00:00,2025-07-27,13,"Sunday",342,10,22,51,4853,5494,0.0774,474,118,6,"viral",13,"Sun","Jul"
"IG0000194",9,"creator",6916,"reel","Fashion","Home Feed",0,2025-01-18 12:00:00,2025-01-18,12,"Saturday",75,1,8,8,1420,1956,0.047,274,128,6,"high",12,"Sat","Jan"
"IG0000195",6,"creator",10034,"reel","Lifestyle","Hashtags",0,2025-02-22 07:00:00,2025-02-22,7,"Saturday",75,2,5,8,1585,1792,0.0502,103,125,10,"high",7,"Sat","Feb"
"IG0000196",16,"brand",9696,"carousel","Beauty","Profile",1,2025-03-18 02:00:00,2025-03-18,2,"Tuesday",757,37,43,0,12663,15932,0.0525,891,115,4,"viral",2,"Tue","Mar"
"IG0000197",3,"brand",10018,"image","Music","External",0,2025-03-12 23:00:00,2025-03-12,23,"Wednesday",101,5,4,26,2585,4078,0.0333,483,118,10,"medium",23,"Wed","Mar"
"IG0000198",20,"creator",31095,"image","Fitness","Home Feed",0,2024-12-11 18:00:00,2024-12-11,18,"Wednesday",77,3,3,16,2472,3646,0.0272,296,129,13,"medium",18,"Wed","Dec"
"IG0000199",4,"creator",4972,"carousel","Travel","Hashtags",0,2025-01-25 05:00:00,2025-01-25,5,"Saturday",108,3,5,13,3834,4229,0.0305,720,109,9,"medium",5,"Sat","Jan"
"IG0000200",19,"creator",3447,"image","Lifestyle","External",0,2025-01-09 15:00:00,2025-01-09,15,"Thursday",306,8,15,53,3866,4579,0.0834,826,110,5,"viral",15,"Thu","Jan"
"IG0000201",3,"brand",10018,"carousel","Lifestyle","Hashtags",0,2025-10-08 13:00:00,2025-10-08,13,"Wednesday",126,8,6,15,2885,4298,0.0361,154,139,8,"medium",13,"Wed","Oct"
"IG0000203",20,"creator",31095,"reel","Comedy","Hashtags",0,2025-01-27 19:00:00,2025-01-27,19,"Monday",50,2,2,7,2098,2535,0.0241,529,127,10,"low",19,"Mon","Jan"
"IG0000204",7,"brand",3551,"image","Lifestyle","Reels Feed",0,2025-04-22 07:00:00,2025-04-22,7,"Tuesday",104,0,3,12,1677,2219,0.0536,70,102,16,"high",7,"Tue","Apr"
"IG0000205",20,"creator",31095,"reel","Food","Hashtags",0,2025-08-14 05:00:00,2025-08-14,5,"Thursday",1348,46,71,226,18086,23854,0.0709,252,125,7,"viral",5,"Thu","Aug"
"IG0000206",9,"brand",6916,"reel","Fitness","Home Feed",1,2025-06-28 04:00:00,2025-06-28,4,"Saturday",244,10,12,37,6089,7234,0.0419,104,121,5,"high",4,"Sat","Jun"
"IG0000207",1,"brand",9461,"reel","Fitness","Profile",1,2024-11-30 21:00:00,2024-11-30,21,"Saturday",46,1,3,6,2699,3982,0.0141,625,120,11,"low",21,"Sat","Nov"
"IG0000208",8,"brand",15986,"reel","Food","External",0,2025-04-02 06:00:00,2025-04-02,6,"Wednesday",501,21,20,0,6373,8543,0.0634,391,114,5,"viral",6,"Wed","Apr"
"IG0000210",18,"brand",7486,"image","Food","Home Feed",0,2025-03-31 12:00:00,2025-03-31,12,"Monday",0,4,5,26,3066,3544,0.0099,332,129,4,"high",12,"Mon","Mar"
"IG0000211",8,"creator",15986,"image","Food","External",0,2025-03-14 15:00:00,2025-03-14,15,"Friday",104,3,5,17,3888,5060,0.0255,860,122,12,"medium",15,"Fri","Mar"
"IG0000212",1,"brand",9461,"carousel","Fitness","Profile",0,2025-05-25 18:00:00,2025-05-25,18,"Sunday",539,16,27,78,12912,14704,0.0449,241,120,8,"high",18,"Sun","May"
"IG0000213",11,"creator",9044,"image","Technology","Profile",1,2025-09-04 11:00:00,2025-09-04,11,"Thursday",410,6,23,60,7287,8900,0.0561,376,109,3,"high",11,"Thu","Sep"
"IG0000214",18,"creator",7486,"reel","Fitness","External",1,2025-07-30 13:00:00,2025-07-30,13,"Wednesday",287,11,13,44,6421,8280,0.0429,14,106,6,"high",13,"Wed","Jul"
"IG0000215",10,"creator",4542,"reel","Comedy","Profile",1,2025-11-17 14:00:00,2025-11-17,14,"Monday",339,8,20,46,8259,10794,0.0383,496,140,7,"high",14,"Mon","Nov"
"IG0000216",3,"creator",10018,"reel","Fashion","Profile",0,2025-03-08 11:00:00,2025-03-08,11,"Saturday",307,9,16,58,8502,13040,0.0299,746,128,7,"medium",11,"Sat","Mar"
"IG0000217",7,"creator",3551,"image","Beauty","Reels Feed",0,2025-03-16 16:00:00,2025-03-16,16,"Sunday",384,3,27,72,10900,14718,0.033,888,121,10,"low",16,"Sun","Mar"
"IG0000218",16,"creator",9696,"image","Technology","Hashtags",0,2025-11-19 08:00:00,2025-11-19,8,"Wednesday",603,21,24,102,6262,9230,0.0813,913,138,12,"medium",8,"Wed","Nov"
"IG0000219",16,"creator",9696,"carousel","Travel","Profile",1,2025-02-04 03:00:00,2025-02-04,3,"Tuesday",574,17,30,65,10933,13024,0.0527,901,139,10,"high",3,"Tue","Feb"
"IG0000220",20,"brand",31095,"carousel","Beauty","External",0,2025-08-31 17:00:00,2025-08-31,17,"Sunday",339,8,14,51,6157,7829,0.0526,917,142,8,"high",17,"Sun","Aug"
"IG0000221",17,"creator",15923,"reel","Fashion","External",0,2025-02-26 11:00:00,2025-02-26,11,"Wednesday",148,0,11,18,8177,10975,0.0161,287,119,8,"low",11,"Wed","Feb"
"IG0000222",2,"creator",22291,"carousel","Comedy","Home Feed",1,2024-12-19 10:00:00,2024-12-19,10,"Thursday",512,13,15,69,17181,23262,0.0262,315,131,8,"medium",10,"Thu","Dec"
"IG0000223",1,"creator",9461,"image","Comedy","Home Feed",1,2025-02-03 20:00:00,2025-02-03,20,"Monday",304,13,12,55,8913,13203,0.0291,838,128,11,"medium",20,"Mon","Feb"
"IG0000224",16,"creator",9696,"reel","Travel","Hashtags",0,2025-08-27 01:00:00,2025-08-27,1,"Wednesday",194,2,12,27,4775,7066,0.0333,603,114,8,"medium",1,"Wed","Aug"
"IG0000225",12,"brand",13798,"carousel","Technology","Hashtags",0,2025-02-15 22:00:00,2025-02-15,22,"Saturday",66,3,3,10,2048,2940,0.0279,119,126,6,"medium",22,"Sat","Feb"
"IG0000226",5,"creator",10739,"reel","Photography","Reels Feed",0,2024-12-08 19:00:00,2024-12-08,19,"Sunday",380,3,20,58,7648,9307,0.0495,685,108,12,"high",19,"Sun","Dec"
"IG0000227",5,"creator",10739,"image","Food","Reels Feed",1,2025-09-17 20:00:00,2025-09-17,20,"Wednesday",174,7,9,32,5847,7096,0.0313,912,136,4,"medium",20,"Wed","Sep"
"IG0000228",9,"brand",6916,"carousel","Technology","External",0,2024-12-31 13:00:00,2024-12-31,13,"Tuesday",38,0,3,0,3706,5767,0.0071,490,114,6,"low",13,"Tue","Dec"
"IG0000229",9,"creator",6916,"carousel","Photography","Profile",0,2025-08-28 11:00:00,2025-08-28,11,"Thursday",308,7,22,48,4174,6098,0.0631,201,133,5,"viral",11,"Thu","Aug"
"IG0000230",3,"brand",10018,"reel","Comedy","Explore",1,2025-02-01 01:00:00,2025-02-01,1,"Saturday",309,6,11,41,4587,5236,0.0701,257,109,9,"viral",1,"Sat","Feb"
"IG0000231",19,"creator",3447,"reel","Fitness","Explore",0,2025-03-14 10:00:00,2025-03-14,10,"Friday",64,4,2,7,3832,6117,0.0126,286,128,3,"low",10,"Fri","Mar"
"IG0000232",16,"creator",9696,"image","Fashion","Reels Feed",0,2025-07-16 04:00:00,2025-07-16,4,"Wednesday",326,13,14,48,4970,6096,0.0658,727,113,10,"viral",4,"Wed","Jul"
"IG0000233",16,"creator",9696,"carousel","Travel","Profile",1,2025-04-08 13:00:00,2025-04-08,13,"Tuesday",190,9,14,27,4880,5504,0.0436,724,123,9,"high",13,"Tue","Apr"
"IG0000234",3,"creator",10018,"image","Fashion","Home Feed",0,2025-08-22 14:00:00,2025-08-22,14,"Friday",189,3,7,24,4479,6285,0.0355,773,130,4,"medium",14,"Fri","Aug"
"IG0000235",20,"creator",31095,"reel","Music","Hashtags",0,2025-03-19 19:00:00,2025-03-19,19,"Wednesday",488,14,26,74,7034,10109,0.0596,766,119,8,"viral",19,"Wed","Mar"
"IG0000236",1,"creator",9461,"carousel","Music","Profile",1,2025-02-21 02:00:00,2025-02-21,2,"Friday",429,17,21,51,15424,20304,0.0255,273,129,8,"medium",2,"Fri","Feb"
"IG0000237",20,"brand",31095,"reel","Technology","Home Feed",1,2025-04-27 16:00:00,2025-04-27,16,"Sunday",101,4,3,10,7843,8914,0.0132,274,115,14,"low",16,"Sun","Apr"
"IG0000238",11,"brand",9044,"image","Comedy","External",0,2025-11-13 05:00:00,2025-11-13,5,"Thursday",349,8,15,43,9594,11593,0.0358,193,104,7,"medium",5,"Thu","Nov"
"IG0000239",17,"creator",15923,"image","Comedy","Explore",1,2025-04-15 06:00:00,2025-04-15,6,"Tuesday",267,5,6,43,7786,12379,0.0259,997,125,4,"low",6,"Tue","Apr"
"IG0000240",8,"creator",15986,"carousel","Food","Hashtags",1,2025-10-21 12:00:00,2025-10-21,12,"Tuesday",77,2,2,11,2669,3562,0.0258,517,113,13,"medium",12,"Tue","Oct"
"IG0000242",6,"creator",10034,"carousel","Food","Reels Feed",1,2025-03-19 12:00:00,2025-03-19,12,"Wednesday",150,3,3,34,5639,7093,0.0268,710,106,6,"medium",12,"Wed","Mar"
"IG0000243",8,"creator",15986,"image","Fitness","Home Feed",0,2025-10-26 05:00:00,2025-10-26,5,"Sunday",131,4,5,8,4346,4899,0.0302,459,130,7,"medium",5,"Sun","Oct"
"IG0000244",20,"creator",31095,"image","Beauty","External",0,2025-05-26 16:00:00,2025-05-26,16,"Monday",2167,58,111,326,35562,45610,0.0584,719,111,9,"viral",16,"Mon","May"
"IG0000245",3,"brand",10018,"carousel","Lifestyle","Reels Feed",0,2025-11-04 05:00:00,2025-11-04,5,"Tuesday",321,9,15,47,4533,6712,0.0584,233,120,10,"high",5,"Tue","Nov"
"IG0000246",16,"creator",9696,"image","Beauty","External",0,2025-09-27 03:00:00,2025-09-27,3,"Saturday",438,10,17,60,10221,15335,0.0342,553,135,10,"medium",3,"Sat","Sep"
"IG0000247",3,"brand",10018,"image","Fashion","External",0,2025-04-26 05:00:00,2025-04-26,5,"Saturday",332,10,17,47,4165,4628,0.0877,622,116,4,"viral",5,"Sat","Apr"
"IG0000250",18,"creator",7486,"image","Fashion","Explore",0,2025-04-27 18:00:00,2025-04-27,18,"Sunday",168,4,6,23,4578,5658,0.0355,456,115,12,"medium",18,"Sun","Apr"
"IG0000251",2,"creator",22291,"reel","Beauty","Hashtags",1,2025-05-15 21:00:00,2025-05-15,21,"Thursday",1008,54,36,147,4789,6211,0.2005,994,107,11,"viral",21,"Thu","May"
"IG0000252",3,"creator",10018,"image","Fitness","Home Feed",0,2024-12-13 18:00:00,2024-12-13,18,"Friday",462,11,9,68,26623,31139,0.0177,3,99,5,"low",18,"Fri","Dec"
"IG0000253",16,"brand",9696,"reel","Lifestyle","Explore",0,2025-06-29 12:00:00,2025-06-29,12,"Sunday",1379,46,71,183,22022,27770,0.0605,8,127,6,"viral",12,"Sun","Jun"
"IG0000254",9,"creator",6916,"carousel","Beauty","Home Feed",1,2025-05-27 06:00:00,2025-05-27,6,"Tuesday",52,0,2,5,2922,4027,0.0147,797,123,5,"low",6,"Tue","May"
"IG0000255",4,"brand",4972,"reel","Fitness","Reels Feed",1,2025-09-25 10:00:00,2025-09-25,10,"Thursday",225,7,6,0,4329,6418,0.0371,697,130,4,"high",10,"Thu","Sep"
"IG0000256",1,"creator",9461,"reel","Food","Profile",1,2025-06-29 19:00:00,2025-06-29,19,"Sunday",100,2,7,11,1963,2371,0.0506,346,143,9,"high",19,"Sun","Jun"
"IG0000257",4,"creator",4972,"image","Comedy","Explore",1,2025-07-28 11:00:00,2025-07-28,11,"Monday",13,0,1,1,1303,1855,0.0081,428,142,9,"low",11,"Mon","Jul"
"IG0000258",1,"creator",9461,"image","Food","Home Feed",1,2025-10-30 08:00:00,2025-10-30,8,"Thursday",367,7,24,54,5932,6926,0.0653,544,103,14,"viral",8,"Thu","Oct"
"IG0000259",14,"creator",3083,"image","Comedy","Home Feed",0,2024-12-01 12:00:00,2024-12-01,12,"Sunday",46,1,3,13,1399,2219,0.0284,430,132,13,"medium",12,"Sun","Dec"
"IG0000260",16,"creator",9696,"reel","Travel","Hashtags",1,2025-10-09 06:00:00,2025-10-09,6,"Thursday",173,10,11,23,3875,5593,0.0388,651,114,5,"medium",6,"Thu","Oct"
"IG0000261",20,"brand",31095,"carousel","Travel","Profile",1,2025-07-22 19:00:00,2025-07-22,19,"Tuesday",149,5,5,26,3217,5107,0.0362,411,122,5,"medium",19,"Tue","Jul"
"IG0000262",8,"creator",15986,"reel","Travel","Explore",1,2025-08-18 04:00:00,2025-08-18,4,"Monday",194,5,13,31,10793,14629,0.0166,791,113,5,"low",4,"Mon","Aug"
"IG0000263",7,"creator",3551,"image","Lifestyle","External",0,2025-01-31 15:00:00,2025-01-31,15,"Friday",53,1,6,1,1130,1757,0.0347,650,111,7,"medium",15,"Fri","Jan"
"IG0000264",3,"creator",10018,"image","Food","Home Feed",0,2024-11-24 19:00:00,2024-11-24,19,"Sunday",716,21,41,99,26425,33866,0.0259,469,112,4,"medium",19,"Sun","Nov"
"IG0000265",17,"brand",15923,"image","Comedy","External",0,2025-07-22 17:00:00,2025-07-22,17,"Tuesday",413,12,31,65,6906,8462,0.0616,720,122,7,"viral",17,"Tue","Jul"
"IG0000266",1,"brand",9461,"image","Fitness","Reels Feed",0,2025-06-14 11:00:00,2025-06-14,11,"Saturday",313,9,21,51,7635,8858,0.0445,683,103,12,"high",11,"Sat","Jun"
"IG0000267",16,"creator",9696,"reel","Fashion","Hashtags",0,2025-03-27 23:00:00,2025-03-27,23,"Thursday",120,1,3,21,4925,5568,0.026,569,104,9,"medium",23,"Thu","Mar"
"IG0000268",12,"creator",13798,"image","Fitness","External",0,2025-05-08 21:00:00,2025-05-08,21,"Thursday",291,7,23,40,3828,5088,0.071,904,119,12,"viral",21,"Thu","May"
"IG0000270",14,"brand",3083,"image","Music","Reels Feed",0,2025-09-14 07:00:00,2025-09-14,7,"Sunday",269,6,14,33,4061,5858,0.055,875,111,6,"high",7,"Sun","Sep"
"IG0000271",6,"creator",10034,"reel","Fitness","Hashtags",0,2025-01-20 03:00:00,2025-01-20,3,"Monday",62,2,6,13,1443,2248,0.0369,731,110,3,"medium",3,"Mon","Jan"
"IG0000272",6,"creator",10034,"carousel","Beauty","External",1,2025-07-22 16:00:00,2025-07-22,16,"Tuesday",298,5,10,37,3916,5534,0.0632,293,100,10,"viral",16,"Tue","Jul"
"IG0000273",13,"brand",5824,"carousel","Beauty","Profile",1,2025-05-03 02:00:00,2025-05-03,2,"Saturday",136,5,7,16,2913,3525,0.0465,640,113,4,"high",2,"Sat","May"
"IG0000274",19,"creator",3447,"image","Technology","External",0,2025-02-03 21:00:00,2025-02-03,21,"Monday",153,4,6,26,2200,2474,0.0764,496,111,8,"viral",21,"Mon","Feb"
"IG0000275",8,"creator",15986,"image","Food","Hashtags",0,2025-07-19 17:00:00,2025-07-19,17,"Saturday",435,14,31,62,6830,9985,0.0543,381,116,6,"high",17,"Sat","Jul"
"IG0000276",2,"creator",22291,"image","Fashion","External",0,2025-11-08 07:00:00,2025-11-08,7,"Saturday",338,8,22,37,16568,20421,0.0198,384,101,6,"low",7,"Sat","Nov"
"IG0000277",1,"creator",9461,"reel","Fashion","Profile",0,2025-08-28 20:00:00,2025-08-28,20,"Thursday",38,1,2,9,1369,2085,0.024,274,132,7,"low",20,"Thu","Aug"
"IG0000278",15,"brand",8167,"carousel","Food","Hashtags",0,2025-05-08 20:00:00,2025-05-08,20,"Thursday",231,5,13,42,7374,10554,0.0276,604,107,8,"medium",20,"Thu","May"
"IG0000280",5,"brand",10739,"image","Technology","Profile",0,2025-07-28 08:00:00,2025-07-28,8,"Monday",672,27,30,69,2873,4563,0.1749,663,117,6,"viral",8,"Mon","Jul"
"IG0000281",16,"creator",9696,"image","Lifestyle","Home Feed",0,2024-11-20 01:00:00,2024-11-20,1,"Wednesday",190,5,9,34,2571,4095,0.0581,59,125,11,"high",1,"Wed","Nov"
"IG0000282",19,"brand",3447,"image","Lifestyle","Home Feed",0,2025-08-31 09:00:00,2025-08-31,9,"Sunday",53,4,4,7,1128,1397,0.0487,28,108,5,"high",9,"Sun","Aug"
"IG0000283",4,"creator",4972,"carousel","Lifestyle","Reels Feed",1,2025-01-17 13:00:00,2025-01-17,13,"Friday",62,4,1,11,5530,8173,0.0095,228,125,8,"low",13,"Fri","Jan"
"IG0000285",17,"brand",15923,"image","Lifestyle","Explore",0,2025-01-13 09:00:00,2025-01-13,9,"Monday",272,9,0,0,6583,7682,0.0366,633,114,4,"high",9,"Mon","Jan"
"IG0000286",17,"creator",15923,"carousel","Beauty","Profile",0,2025-05-12 07:00:00,2025-05-12,7,"Monday",229,9,6,39,3872,5826,0.0486,881,119,11,"high",7,"Mon","May"
"IG0000287",12,"creator",13798,"image","Travel","Hashtags",0,2025-04-12 02:00:00,2025-04-12,2,"Saturday",65,1,5,12,3615,5439,0.0153,640,112,12,"low",2,"Sat","Apr"
"IG0000288",14,"creator",3083,"image","Music","Profile",1,2025-08-26 12:00:00,2025-08-26,12,"Tuesday",641,16,23,94,8204,12526,0.0618,770,126,11,"viral",12,"Tue","Aug"
"IG0000289",6,"creator",10034,"image","Fashion","Explore",0,2025-08-24 02:00:00,2025-08-24,2,"Sunday",169,9,13,21,2882,3786,0.056,342,119,7,"high",2,"Sun","Aug"
"IG0000290",3,"creator",10018,"image","Fashion","External",0,2025-06-11 06:00:00,2025-06-11,6,"Wednesday",608,16,26,83,8599,11652,0.0629,634,108,11,"viral",6,"Wed","Jun"
"IG0000291",9,"brand",6916,"image","Music","Reels Feed",0,2025-01-26 22:00:00,2025-01-26,22,"Sunday",312,8,8,37,12999,17862,0.0204,643,107,13,"low",22,"Sun","Jan"
"IG0000292",5,"creator",10739,"image","Food","Profile",0,2025-01-05 22:00:00,2025-01-05,22,"Sunday",910,32,47,118,20041,26596,0.0416,33,131,8,"high",22,"Sun","Jan"
"IG0000293",17,"creator",15923,"image","Fitness","Hashtags",0,2025-07-26 10:00:00,2025-07-26,10,"Saturday",93,2,4,12,1334,1900,0.0584,61,96,6,"viral",10,"Sat","Jul"
"IG0000294",14,"creator",3083,"image","Food","Profile",0,2025-01-23 13:00:00,2025-01-23,13,"Thursday",60,2,5,10,4479,5811,0.0133,434,121,6,"low",13,"Thu","Jan"
"IG0000295",3,"creator",10018,"carousel","Fashion","Explore",1,2025-06-05 06:00:00,2025-06-05,6,"Thursday",204,7,12,30,6227,9366,0.027,731,131,9,"medium",6,"Thu","Jun"
"IG0000296",1,"brand",9461,"reel","Fashion","Explore",0,2024-12-31 18:00:00,2024-12-31,18,"Tuesday",279,2,9,45,4999,7613,0.044,964,121,16,"high",18,"Tue","Dec"
"IG0000297",20,"brand",31095,"carousel","Music","Explore",0,2025-07-12 14:00:00,2025-07-12,14,"Saturday",629,16,37,94,15734,23825,0.0326,938,131,7,"medium",14,"Sat","Jul"
"IG0000298",1,"creator",9461,"image","Lifestyle","Reels Feed",0,2025-07-16 07:00:00,2025-07-16,7,"Wednesday",148,6,13,16,5713,7959,0.023,64,141,10,"low",7,"Wed","Jul"
"IG0000300",18,"creator",7486,"reel","Comedy","Reels Feed",1,2025-07-15 02:00:00,2025-07-15,2,"Tuesday",109,3,5,0,4072,6467,0.0181,612,148,11,"low",2,"Tue","Jul"
"IG0000301",10,"creator",4542,"carousel","Music","External",1,2025-03-01 07:00:00,2025-03-01,7,"Saturday",194,7,15,42,2546,3086,0.0836,843,111,4,"viral",7,"Sat","Mar"
"IG0000302",3,"creator",10018,"reel","Beauty","Hashtags",1,2025-03-10 12:00:00,2025-03-10,12,"Monday",327,6,14,56,4450,7077,0.0569,475,108,7,"high",12,"Mon","Mar"
"IG0000303",8,"creator",15986,"carousel","Fashion","External",0,2025-10-24 17:00:00,2025-10-24,17,"Friday",123,2,0,22,2854,3511,0.0419,464,116,11,"high",17,"Fri","Oct"
"IG0000304",14,"creator",3083,"carousel","Music","Hashtags",0,2024-12-09 06:00:00,2024-12-09,6,"Monday",246,7,21,32,4579,5113,0.0598,695,133,8,"viral",6,"Mon","Dec"
"IG0000305",18,"creator",7486,"image","Food","Reels Feed",1,2025-05-22 19:00:00,2025-05-22,19,"Thursday",129,3,5,21,9436,11266,0.014,213,125,6,"low",19,"Thu","May"
"IG0000306",15,"creator",8167,"reel","Fashion","Home Feed",0,2025-03-27 05:00:00,2025-03-27,5,"Thursday",116,3,4,19,1989,3009,0.0472,776,134,7,"high",5,"Thu","Mar"
"IG0000307",2,"creator",22291,"carousel","Fitness","External",0,2025-10-28 07:00:00,2025-10-28,7,"Tuesday",412,15,12,67,11023,15900,0.0318,3,117,8,"medium",7,"Tue","Oct"
"IG0000308",10,"brand",4542,"image","Music","Reels Feed",0,2025-05-12 03:00:00,2025-05-12,3,"Monday",100,4,3,10,2187,2412,0.0485,129,108,2,"high",3,"Mon","May"
"IG0000309",2,"creator",22291,"carousel","Technology","Hashtags",1,2024-11-30 22:00:00,2024-11-30,22,"Saturday",589,17,29,89,23192,30054,0.0241,422,124,15,"low",22,"Sat","Nov"
"IG0000310",17,"creator",15923,"image","Fashion","External",0,2025-07-24 13:00:00,2025-07-24,13,"Thursday",28,0,0,5,1379,1870,0.0176,130,116,9,"low",13,"Thu","Jul"
"IG0000311",8,"creator",15986,"image","Food","Explore",0,2025-02-07 18:00:00,2025-02-07,18,"Friday",13,0,1,1,1129,1732,0.0087,765,119,9,"low",18,"Fri","Feb"
"IG0000312",1,"brand",9461,"image","Travel","Home Feed",0,2025-10-22 08:00:00,2025-10-22,8,"Wednesday",107,5,5,20,6324,9965,0.0137,80,106,5,"low",8,"Wed","Oct"
"IG0000313",9,"creator",6916,"image","Comedy","Explore",1,2025-04-16 12:00:00,2025-04-16,12,"Wednesday",84,2,5,13,6380,9084,0.0114,779,116,8,"low",12,"Wed","Apr"
"IG0000314",11,"creator",9044,"carousel","Photography","Profile",0,2024-11-19 11:00:00,2024-11-19,11,"Tuesday",70,3,3,14,2141,3066,0.0294,237,103,6,"medium",11,"Tue","Nov"
"IG0000315",16,"creator",9696,"image","Lifestyle","Home Feed",0,2025-05-09 01:00:00,2025-05-09,1,"Friday",79,3,8,16,2862,3992,0.0266,175,122,3,"medium",1,"Fri","May"
"IG0000316",7,"brand",3551,"reel","Photography","Explore",0,2025-01-01 05:00:00,2025-01-01,5,"Wednesday",171,10,16,26,2631,3631,0.0614,520,108,5,"viral",5,"Wed","Jan"
"IG0000317",10,"brand",4542,"reel","Food","Profile",0,2025-02-14 20:00:00,2025-02-14,20,"Friday",791,21,32,121,18037,21353,0.0452,168,122,3,"high",20,"Fri","Feb"
"IG0000318",3,"creator",10018,"image","Beauty","Hashtags",1,2024-11-23 19:00:00,2024-11-23,19,"Saturday",24,3,1,8,1606,2549,0.0141,657,112,9,"low",19,"Sat","Nov"
"IG0000319",18,"brand",7486,"carousel","Beauty","Hashtags",0,2025-09-22 17:00:00,2025-09-22,17,"Monday",462,10,20,71,9042,12419,0.0453,493,136,9,"high",17,"Mon","Sep"
"IG0000320",13,"brand",5824,"image","Travel","Hashtags",1,2025-10-19 08:00:00,2025-10-19,8,"Sunday",231,10,16,39,6335,8296,0.0357,69,116,7,"medium",8,"Sun","Oct"
"IG0000321",7,"brand",3551,"image","Lifestyle","Reels Feed",0,2025-11-05 14:00:00,2025-11-05,14,"Wednesday",593,17,37,0,7842,10830,0.0597,922,130,7,"viral",14,"Wed","Nov"
"IG0000322",4,"brand",4972,"carousel","Technology","Profile",0,2025-10-02 20:00:00,2025-10-02,20,"Thursday",302,7,11,47,11636,17868,0.0205,869,112,9,"low",20,"Thu","Oct"
"IG0000324",20,"brand",31095,"image","Photography","Home Feed",1,2025-02-12 20:00:00,2025-02-12,20,"Wednesday",325,9,11,45,8998,11728,0.0333,207,120,4,"medium",20,"Wed","Feb"
"IG0000325",1,"creator",9461,"image","Travel","Explore",0,2025-05-05 06:00:00,2025-05-05,6,"Monday",261,8,15,39,5285,7502,0.0431,398,142,6,"high",6,"Mon","May"
"IG0000326",8,"creator",15986,"image","Photography","Reels Feed",0,2025-09-03 02:00:00,2025-09-03,2,"Wednesday",225,2,12,28,3208,4197,0.0636,619,123,10,"viral",2,"Wed","Sep"
"IG0000327",14,"creator",3083,"image","Fashion","Hashtags",0,2025-07-20 22:00:00,2025-07-20,22,"Sunday",73,0,3,8,4195,6253,0.0134,0,117,5,"low",22,"Sun","Jul"
"IG0000328",16,"creator",9696,"reel","Beauty","Profile",0,2025-05-08 21:00:00,2025-05-08,21,"Thursday",308,15,20,43,3979,5939,0.065,329,156,16,"viral",21,"Thu","May"
"IG0000329",14,"creator",3083,"carousel","Fashion","Home Feed",0,2025-11-04 06:00:00,2025-11-04,6,"Tuesday",679,15,24,108,8946,11869,0.0696,487,129,10,"viral",6,"Tue","Nov"
"IG0000330",12,"brand",13798,"image","Comedy","Home Feed",0,2025-01-25 12:00:00,2025-01-25,12,"Saturday",403,7,0,54,9776,14477,0.0321,694,117,4,"medium",12,"Sat","Jan"
"IG0000331",19,"creator",3447,"reel","Lifestyle","Hashtags",1,2025-07-19 08:00:00,2025-07-19,8,"Saturday",267,8,12,47,3758,5650,0.0591,884,121,4,"high",8,"Sat","Jul"
"IG0000332",15,"creator",8167,"reel","Technology","Reels Feed",1,2025-09-08 01:00:00,2025-09-08,1,"Monday",66,1,2,11,5350,7458,0.0107,687,125,6,"low",1,"Mon","Sep"
"IG0000333",2,"creator",22291,"carousel","Photography","External",1,2024-12-09 11:00:00,2024-12-09,11,"Monday",62,4,4,14,2677,3958,0.0212,394,129,4,"low",11,"Mon","Dec"
"IG0000334",2,"creator",22291,"image","Technology","Home Feed",0,2025-10-21 01:00:00,2025-10-21,1,"Tuesday",436,11,26,61,7732,9580,0.0557,276,124,4,"high",1,"Tue","Oct"
"IG0000335",19,"brand",3447,"carousel","Photography","Home Feed",0,2025-02-21 12:00:00,2025-02-21,12,"Friday",105,3,5,17,8077,9602,0.0135,724,116,8,"low",12,"Fri","Feb"
"IG0000337",20,"creator",31095,"image","Travel","External",0,2025-05-10 17:00:00,2025-05-10,17,"Saturday",204,8,5,30,5152,6465,0.0382,199,127,7,"medium",17,"Sat","May"
"IG0000338",10,"brand",4542,"carousel","Comedy","Home Feed",0,2025-09-29 02:00:00,2025-09-29,2,"Monday",324,7,17,59,5729,6541,0.0622,202,117,9,"viral",2,"Mon","Sep"
"IG0000339",6,"creator",10034,"image","Beauty","Home Feed",0,2024-12-26 06:00:00,2024-12-26,6,"Thursday",380,14,26,54,8329,12251,0.0387,235,123,8,"high",6,"Thu","Dec"
"IG0000340",15,"brand",8167,"carousel","Photography","Explore",0,2025-10-05 02:00:00,2025-10-05,2,"Sunday",376,10,11,46,4738,7357,0.0602,269,111,11,"viral",2,"Sun","Oct"
"IG0000341",11,"creator",9044,"reel","Technology","Explore",0,2025-07-08 14:00:00,2025-07-08,14,"Tuesday",985,18,43,153,23142,36905,0.0325,698,119,11,"medium",14,"Tue","Jul"
"IG0000342",5,"brand",10739,"carousel","Comedy","Home Feed",0,2025-08-29 11:00:00,2025-08-29,11,"Friday",52,0,1,8,1691,2667,0.0229,545,132,7,"low",11,"Fri","Aug"
"IG0000343",1,"creator",9461,"image","Fitness","Hashtags",0,2025-06-27 10:00:00,2025-06-27,10,"Friday",297,10,23,39,3854,5388,0.0685,179,104,9,"viral",10,"Fri","Jun"
"IG0000344",8,"brand",15986,"reel","Fitness","Hashtags",1,2025-04-27 12:00:00,2025-04-27,12,"Sunday",111,3,3,19,7310,8786,0.0155,540,122,10,"low",12,"Sun","Apr"
"IG0000345",12,"creator",13798,"image","Fashion","Reels Feed",0,2025-10-13 23:00:00,2025-10-13,23,"Monday",23,1,3,0,1301,1500,0.018,266,131,10,"low",23,"Mon","Oct"
"IG0000346",12,"creator",13798,"image","Beauty","Home Feed",1,2025-09-29 02:00:00,2025-09-29,2,"Monday",381,9,20,52,10922,16992,0.0272,497,120,10,"medium",2,"Mon","Sep"
"IG0000347",5,"brand",10739,"image","Food","Reels Feed",0,2025-01-02 17:00:00,2025-01-02,17,"Thursday",153,5,8,29,7560,9708,0.0201,551,113,12,"low",17,"Thu","Jan"
"IG0000348",7,"creator",3551,"reel","Technology","Reels Feed",1,2025-08-12 14:00:00,2025-08-12,14,"Tuesday",119,0,1,24,4150,4982,0.0289,802,132,4,"medium",14,"Tue","Aug"
"IG0000349",4,"brand",4972,"carousel","Travel","Home Feed",0,2025-07-10 09:00:00,2025-07-10,9,"Thursday",101,3,7,14,2950,4381,0.0285,508,116,6,"medium",9,"Thu","Jul"
"IG0000350",6,"brand",10034,"image","Travel","Home Feed",0,2025-03-13 19:00:00,2025-03-13,19,"Thursday",685,27,27,115,14336,18245,0.0468,298,128,6,"high",19,"Thu","Mar"
"IG0000351",13,"creator",5824,"carousel","Technology","Profile",0,2024-12-16 03:00:00,2024-12-16,3,"Monday",188,5,6,33,5270,7690,0.0302,968,131,6,"medium",3,"Mon","Dec"
"IG0000352",20,"creator",31095,"reel","Lifestyle","Profile",0,2025-09-13 04:00:00,2025-09-13,4,"Saturday",246,8,14,30,3746,5348,0.0557,173,112,11,"high",4,"Sat","Sep"
"IG0000353",15,"brand",8167,"carousel","Food","Profile",1,2025-07-10 11:00:00,2025-07-10,11,"Thursday",223,9,8,30,3177,3757,0.0719,726,127,8,"viral",11,"Thu","Jul"
"IG0000354",3,"brand",10018,"reel","Comedy","Hashtags",0,2025-07-12 20:00:00,2025-07-12,20,"Saturday",298,0,8,53,6669,10111,0.0355,386,115,5,"high",20,"Sat","Jul"
"IG0000355",8,"creator",15986,"reel","Photography","Profile",1,2025-04-07 18:00:00,2025-04-07,18,"Monday",131,3,4,26,8731,13954,0.0118,590,138,12,"low",18,"Mon","Apr"
"IG0000356",20,"creator",31095,"image","Lifestyle","External",1,2024-11-20 15:00:00,2024-11-20,15,"Wednesday",209,10,12,29,3486,4833,0.0538,369,110,6,"high",15,"Wed","Nov"
"IG0000357",16,"creator",9696,"carousel","Photography","Home Feed",0,2025-10-29 16:00:00,2025-10-29,16,"Wednesday",119,6,9,23,1880,2470,0.0636,422,124,7,"viral",16,"Wed","Oct"
"IG0000358",13,"creator",5824,"reel","Photography","Hashtags",0,2024-12-30 07:00:00,2024-12-30,7,"Monday",1582,46,83,267,20345,25932,0.0763,498,117,5,"viral",7,"Mon","Dec"
"IG0000359",18,"creator",7486,"carousel","Lifestyle","Hashtags",0,2025-07-02 01:00:00,2025-07-02,1,"Wednesday",35,1,3,7,1352,1913,0.024,180,116,10,"medium",1,"Wed","Jul"
"IG0000360",10,"brand",4542,"carousel","Fashion","Explore",0,2025-06-21 15:00:00,2025-06-21,15,"Saturday",71,1,5,12,2024,3027,0.0294,832,92,6,"medium",15,"Sat","Jun"
"IG0000361",19,"brand",3447,"carousel","Fitness","Hashtags",0,2025-06-29 14:00:00,2025-06-29,14,"Sunday",672,20,22,92,9021,12452,0.0647,877,153,6,"viral",14,"Sun","Jun"
"IG0000362",17,"brand",15923,"carousel","Photography","Home Feed",0,2025-05-21 10:00:00,2025-05-21,10,"Wednesday",423,14,13,0,7713,9498,0.0474,425,125,11,"high",10,"Wed","May"
"IG0000363",19,"creator",3447,"image","Lifestyle","Profile",1,2025-10-19 04:00:00,2025-10-19,4,"Sunday",758,23,42,123,13633,16923,0.0559,358,147,6,"high",4,"Sun","Oct"
"IG0000364",5,"creator",10739,"image","Lifestyle","External",1,2025-03-25 01:00:00,2025-03-25,1,"Tuesday",277,2,18,38,3623,4653,0.072,841,129,5,"viral",1,"Tue","Mar"
"IG0000365",9,"brand",6916,"image","Music","Hashtags",0,2025-10-12 21:00:00,2025-10-12,21,"Sunday",321,13,24,47,8587,12845,0.0315,733,131,7,"medium",21,"Sun","Oct"
"IG0000366",12,"brand",13798,"carousel","Fashion","External",1,2025-07-26 06:00:00,2025-07-26,6,"Saturday",614,18,38,82,9525,11651,0.0645,790,134,6,"viral",6,"Sat","Jul"
"IG0000367",1,"creator",9461,"image","Beauty","Hashtags",0,2025-09-20 06:00:00,2025-09-20,6,"Saturday",122,3,5,21,2596,3807,0.0397,748,120,9,"medium",6,"Sat","Sep"
"IG0000369",15,"creator",8167,"reel","Music","External",0,2025-03-03 16:00:00,2025-03-03,16,"Monday",184,7,17,26,4103,6139,0.0381,977,110,7,"medium",16,"Mon","Mar"
"IG0000370",2,"creator",22291,"reel","Technology","External",0,2025-11-14 23:00:00,2025-11-14,23,"Friday",278,9,15,36,4556,5489,0.0616,608,126,4,"viral",23,"Fri","Nov"
"IG0000371",16,"creator",9696,"reel","Fitness","Hashtags",0,2024-12-20 15:00:00,2024-12-20,15,"Friday",440,16,27,54,8064,12289,0.0437,79,146,9,"high",15,"Fri","Dec"
"IG0000372",8,"creator",15986,"carousel","Lifestyle","Reels Feed",1,2024-11-19 16:00:00,2024-11-19,16,"Tuesday",193,5,7,36,9855,13641,0.0177,867,122,8,"low",16,"Tue","Nov"
"IG0000373",13,"creator",5824,"image","Fitness","Reels Feed",1,2025-02-05 10:00:00,2025-02-05,10,"Wednesday",321,6,22,38,9955,15752,0.0246,30,136,5,"low",10,"Wed","Feb"
"IG0000374",1,"brand",9461,"carousel","Food","Reels Feed",0,2025-03-18 13:00:00,2025-03-18,13,"Tuesday",307,10,20,45,5087,7277,0.0525,840,94,13,"high",13,"Tue","Mar"
"IG0000375",16,"creator",9696,"image","Technology","Profile",0,2025-08-15 12:00:00,2025-08-15,12,"Friday",76,5,2,10,1379,1755,0.053,961,121,8,"high",12,"Fri","Aug"
"IG0000376",7,"creator",3551,"image","Beauty","Reels Feed",0,2025-03-11 02:00:00,2025-03-11,2,"Tuesday",432,16,20,62,6349,7212,0.0735,447,115,7,"viral",2,"Tue","Mar"
"IG0000377",5,"brand",10739,"reel","Fitness","Explore",1,2024-12-12 19:00:00,2024-12-12,19,"Thursday",279,0,8,38,3750,4137,0.0786,300,119,7,"viral",19,"Thu","Dec"
"IG0000378",3,"creator",10018,"image","Travel","External",1,2024-12-16 07:00:00,2024-12-16,7,"Monday",334,8,15,56,5658,6461,0.0639,817,102,13,"viral",7,"Mon","Dec"
"IG0000379",12,"brand",13798,"carousel","Photography","Explore",0,2025-02-03 11:00:00,2025-02-03,11,"Monday",171,7,11,20,3866,5724,0.0365,827,134,8,"medium",11,"Mon","Feb"
"IG0000380",16,"brand",9696,"image","Food","Reels Feed",1,2025-04-01 10:00:00,2025-04-01,10,"Tuesday",249,8,15,44,4760,5481,0.0577,726,131,5,"viral",10,"Tue","Apr"
"IG0000381",19,"brand",3447,"image","Fashion","Profile",0,2025-01-06 11:00:00,2025-01-06,11,"Monday",64,3,0,12,5026,7691,0.0103,772,122,9,"low",11,"Mon","Jan"
"IG0000382",5,"creator",10739,"image","Beauty","Profile",0,2025-08-13 14:00:00,2025-08-13,14,"Wednesday",75,2,5,12,4301,5597,0.0168,510,120,7,"low",14,"Wed","Aug"
"IG0000383",14,"creator",3083,"image","Food","Hashtags",0,2025-08-23 20:00:00,2025-08-23,20,"Saturday",526,18,31,58,7016,8489,0.0746,820,120,4,"viral",20,"Sat","Aug"
"IG0000384",5,"creator",10739,"image","Photography","Hashtags",0,2025-09-13 03:00:00,2025-09-13,3,"Saturday",357,13,12,45,5287,6394,0.0668,859,136,8,"viral",3,"Sat","Sep"
"IG0000385",15,"brand",8167,"image","Technology","External",0,2025-07-11 09:00:00,2025-07-11,9,"Friday",374,13,24,64,6028,7780,0.0611,974,122,6,"viral",9,"Fri","Jul"
"IG0000386",17,"creator",15923,"carousel","Photography","Hashtags",0,2025-04-23 15:00:00,2025-04-23,15,"Wednesday",322,15,14,46,6781,8574,0.0463,408,110,9,"high",15,"Wed","Apr"
"IG0000387",14,"creator",3083,"reel","Music","Explore",0,2025-07-23 08:00:00,2025-07-23,8,"Wednesday",208,11,18,34,3081,4318,0.0628,362,99,9,"viral",8,"Wed","Jul"
"IG0000388",20,"creator",31095,"image","Photography","Home Feed",1,2025-09-02 16:00:00,2025-09-02,16,"Tuesday",339,13,15,51,7661,9774,0.0428,821,112,8,"medium",16,"Tue","Sep"
"IG0000389",5,"creator",10739,"image","Music","Home Feed",0,2025-10-13 21:00:00,2025-10-13,21,"Monday",164,7,10,16,4354,6703,0.0294,328,152,5,"medium",21,"Mon","Oct"
"IG0000390",12,"brand",13798,"image","Technology","Hashtags",0,2025-10-31 12:00:00,2025-10-31,12,"Friday",67,3,1,11,6327,9033,0.0091,560,112,8,"low",12,"Fri","Oct"
"IG0000391",16,"creator",9696,"carousel","Comedy","Profile",1,2025-10-04 07:00:00,2025-10-04,7,"Saturday",43,1,2,6,4246,5275,0.0099,493,134,9,"low",7,"Sat","Oct"
"IG0000392",16,"creator",9696,"reel","Music","Hashtags",0,2025-10-12 22:00:00,2025-10-12,22,"Sunday",48,2,6,7,627,935,0.0674,464,118,5,"viral",22,"Sun","Oct"
"IG0000393",7,"creator",3551,"image","Fashion","External",0,2025-06-25 07:00:00,2025-06-25,7,"Wednesday",138,5,3,16,2001,2707,0.0598,231,122,7,"viral",7,"Wed","Jun"
"IG0000394",4,"brand",4972,"image","Photography","Hashtags",0,2025-04-14 02:00:00,2025-04-14,2,"Monday",91,1,7,7,4724,6402,0.0166,238,126,8,"low",2,"Mon","Apr"
"IG0000395",1,"brand",9461,"reel","Photography","External",1,2025-07-30 20:00:00,2025-07-30,20,"Wednesday",323,0,5,51,9234,11812,0.0321,457,123,7,"medium",20,"Wed","Jul"
"IG0000396",5,"creator",10739,"image","Fashion","Hashtags",1,2025-03-31 12:00:00,2025-03-31,12,"Monday",38,1,2,7,1753,2649,0.0181,854,140,6,"low",12,"Mon","Mar"
"IG0000397",10,"creator",4542,"carousel","Travel","Reels Feed",0,2025-09-23 16:00:00,2025-09-23,16,"Tuesday",520,14,33,60,34564,47399,0.0132,260,125,6,"low",16,"Tue","Sep"
"IG0000398",5,"creator",10739,"carousel","Lifestyle","Hashtags",1,2025-06-01 15:00:00,2025-06-01,15,"Sunday",106,2,9,15,2048,2690,0.0491,210,113,8,"high",15,"Sun","Jun"
"IG0000399",4,"creator",4972,"carousel","Comedy","Explore",1,2025-05-18 23:00:00,2025-05-18,23,"Sunday",689,23,48,108,20545,24868,0.0349,327,128,8,"medium",23,"Sun","May"
"IG0000400",2,"creator",22291,"carousel","Beauty","Hashtags",1,2025-05-20 01:00:00,2025-05-20,1,"Tuesday",442,17,25,74,14137,18038,0.0309,160,112,7,"medium",1,"Tue","May"
"IG0000401",20,"creator",31095,"image","Music","Home Feed",0,2025-06-14 09:00:00,2025-06-14,9,"Saturday",378,13,22,64,8300,13078,0.0365,299,116,9,"medium",9,"Sat","Jun"
"IG0000402",10,"brand",4542,"reel","Fashion","Reels Feed",0,2025-04-11 02:00:00,2025-04-11,2,"Friday",166,0,15,0,5690,7172,0.0252,546,127,7,"medium",2,"Fri","Apr"
"IG0000403",19,"brand",3447,"carousel","Technology","Profile",0,2025-04-26 01:00:00,2025-04-26,1,"Saturday",452,9,17,86,9384,14022,0.0402,227,122,12,"medium",1,"Sat","Apr"
"IG0000405",5,"creator",10739,"carousel","Lifestyle","Home Feed",1,2025-09-13 01:00:00,2025-09-13,1,"Saturday",64,3,2,10,3801,5153,0.0153,949,138,8,"low",1,"Sat","Sep"
"IG0000406",13,"creator",5824,"image","Technology","Home Feed",0,2025-10-01 01:00:00,2025-10-01,1,"Wednesday",418,14,23,60,10037,14927,0.0345,55,130,9,"medium",1,"Wed","Oct"
"IG0000407",4,"creator",4972,"image","Food","Profile",0,2025-02-10 05:00:00,2025-02-10,5,"Monday",275,7,15,33,5453,8037,0.0411,518,118,3,"high",5,"Mon","Feb"
"IG0000408",16,"creator",9696,"image","Photography","Reels Feed",1,2025-08-16 13:00:00,2025-08-16,13,"Saturday",365,11,23,62,7142,8172,0.0564,128,109,5,"high",13,"Sat","Aug"
"IG0000409",16,"brand",9696,"image","Food","Profile",0,2025-02-02 19:00:00,2025-02-02,19,"Sunday",296,6,13,39,5057,5802,0.061,885,90,10,"viral",19,"Sun","Feb"
"IG0000410",2,"creator",22291,"carousel","Music","Explore",1,2025-08-07 09:00:00,2025-08-07,9,"Thursday",51,0,2,10,1376,1757,0.0359,680,110,7,"medium",9,"Thu","Aug"
"IG0000411",17,"brand",15923,"carousel","Lifestyle","External",0,2024-11-21 19:00:00,2024-11-21,19,"Thursday",344,12,23,55,7076,10588,0.041,827,126,7,"high",19,"Thu","Nov"
"IG0000413",12,"brand",13798,"image","Music","Reels Feed",0,2025-09-07 12:00:00,2025-09-07,12,"Sunday",184,3,6,31,10161,14753,0.0152,490,110,7,"low",12,"Sun","Sep"
"IG0000414",18,"creator",7486,"image","Fashion","Home Feed",1,2025-01-24 15:00:00,2025-01-24,15,"Friday",109,4,8,20,5909,9171,0.0154,143,117,9,"low",15,"Fri","Jan"
"IG0000415",3,"brand",10018,"image","Fitness","Reels Feed",0,2025-05-23 01:00:00,2025-05-23,1,"Friday",301,14,16,47,7750,10096,0.0374,466,130,12,"medium",1,"Fri","May"
"IG0000416",1,"creator",9461,"image","Music","Home Feed",0,2024-11-25 13:00:00,2024-11-25,13,"Monday",191,4,7,32,3693,5822,0.0402,548,138,10,"medium",13,"Mon","Nov"
"IG0000417",1,"brand",9461,"carousel","Photography","Home Feed",0,2025-05-07 18:00:00,2025-05-07,18,"Wednesday",227,0,13,38,3386,5381,0.0517,933,105,8,"high",18,"Wed","May"
"IG0000418",19,"creator",3447,"carousel","Photography","Reels Feed",0,2025-10-08 11:00:00,2025-10-08,11,"Wednesday",464,12,28,0,6197,7054,0.0714,507,108,9,"viral",11,"Wed","Oct"
"IG0000419",11,"creator",9044,"image","Music","Hashtags",0,2025-07-28 15:00:00,2025-07-28,15,"Monday",476,8,23,68,7150,10718,0.0536,755,111,6,"high",15,"Mon","Jul"
"IG0000420",5,"creator",10739,"carousel","Technology","Profile",1,2025-08-03 08:00:00,2025-08-03,8,"Sunday",88,4,5,17,3054,4691,0.0243,176,99,9,"low",8,"Sun","Aug"
"IG0000421",12,"creator",13798,"carousel","Fitness","Profile",0,2025-03-30 10:00:00,2025-03-30,10,"Sunday",401,9,20,73,5231,5948,0.0846,646,109,5,"viral",10,"Sun","Mar"
"IG0000422",3,"creator",10018,"image","Fashion","Explore",1,2025-09-03 20:00:00,2025-09-03,20,"Wednesday",382,9,17,50,6911,7604,0.0602,35,113,5,"viral",20,"Wed","Sep"
"IG0000423",1,"creator",9461,"reel","Music","Hashtags",0,2025-07-21 11:00:00,2025-07-21,11,"Monday",133,3,5,12,4482,6631,0.0231,388,127,8,"low",11,"Mon","Jul"
"IG0000424",1,"creator",9461,"image","Technology","Explore",1,2025-11-15 03:00:00,2025-11-15,3,"Saturday",254,9,16,54,5365,7510,0.0443,334,136,8,"medium",3,"Sat","Nov"
"IG0000425",8,"brand",15986,"carousel","Photography","Home Feed",1,2025-11-08 18:00:00,2025-11-08,18,"Saturday",43,2,3,10,3563,4430,0.0131,861,116,10,"low",18,"Sat","Nov"
"IG0000426",10,"creator",4542,"reel","Photography","Home Feed",0,2025-05-06 09:00:00,2025-05-06,9,"Tuesday",78,0,2,12,1211,1812,0.0508,838,139,8,"viral",9,"Tue","May"
"IG0000427",11,"brand",9044,"image","Lifestyle","Explore",1,2025-04-16 14:00:00,2025-04-16,14,"Wednesday",190,5,14,38,4824,6283,0.0393,112,119,12,"high",14,"Wed","Apr"
"IG0000428",12,"creator",13798,"image","Music","Home Feed",0,2025-01-08 16:00:00,2025-01-08,16,"Wednesday",303,10,16,47,4918,5520,0.0681,676,105,7,"viral",16,"Wed","Jan"
"IG0000429",13,"creator",5824,"carousel","Fitness","Profile",1,2024-11-28 11:00:00,2024-11-28,11,"Thursday",249,6,27,39,1566,2486,0.1291,267,105,11,"high",11,"Thu","Nov"
"IG0000431",14,"creator",3083,"image","Fitness","Hashtags",0,2025-07-03 15:00:00,2025-07-03,15,"Thursday",549,21,27,78,2889,4520,0.1493,786,117,8,"high",15,"Thu","Jul"
"IG0000432",2,"creator",22291,"image","Photography","Explore",0,2025-03-18 07:00:00,2025-03-18,7,"Tuesday",890,21,51,131,15650,23516,0.0465,839,121,4,"high",7,"Tue","Mar"
"IG0000433",19,"creator",3447,"image","Photography","Home Feed",1,2025-07-07 18:00:00,2025-07-07,18,"Monday",178,11,0,22,6880,7686,0.0275,338,119,3,"medium",18,"Mon","Jul"
"IG0000434",18,"creator",7486,"carousel","Food","Reels Feed",1,2025-09-05 08:00:00,2025-09-05,8,"Friday",147,6,8,16,2803,3219,0.055,499,122,15,"viral",8,"Fri","Sep"
"IG0000435",3,"brand",10018,"reel","Photography","Hashtags",0,2025-07-16 23:00:00,2025-07-16,23,"Wednesday",584,0,30,63,8746,13402,0.0505,341,104,9,"high",23,"Wed","Jul"
"IG0000436",17,"creator",15923,"reel","Fashion","Profile",0,2025-06-17 10:00:00,2025-06-17,10,"Tuesday",44,3,1,8,1701,2605,0.0215,65,114,12,"low",10,"Tue","Jun"
"IG0000437",8,"brand",15986,"reel","Beauty","Profile",1,2025-03-26 16:00:00,2025-03-26,16,"Wednesday",71,3,5,12,4688,5287,0.0172,186,118,10,"low",16,"Wed","Mar"
"IG0000438",10,"brand",4542,"image","Music","Reels Feed",0,2025-01-12 21:00:00,2025-01-12,21,"Sunday",358,13,6,51,7377,11202,0.0382,253,107,7,"medium",21,"Sun","Jan"
"IG0000439",2,"creator",22291,"carousel","Fitness","Profile",0,2024-12-03 08:00:00,2024-12-03,8,"Tuesday",1334,45,0,216,18178,28795,0.0554,6,117,9,"viral",8,"Tue","Dec"
"IG0000440",19,"brand",3447,"reel","Beauty","Profile",0,2025-01-03 19:00:00,2025-01-03,19,"Friday",253,11,12,47,3270,3753,0.0861,82,122,9,"viral",19,"Fri","Jan"
"IG0000441",9,"creator",6916,"reel","Technology","Explore",1,2025-01-17 10:00:00,2025-01-17,10,"Friday",350,8,15,55,15208,21284,0.0201,362,115,14,"low",10,"Fri","Jan"
"IG0000442",7,"brand",3551,"image","Travel","Home Feed",0,2025-03-05 08:00:00,2025-03-05,8,"Wednesday",147,3,4,20,9295,14624,0.0119,788,112,4,"low",8,"Wed","Mar"
"IG0000443",4,"creator",4972,"image","Fashion","Home Feed",1,2024-12-04 01:00:00,2024-12-04,1,"Wednesday",583,25,35,84,12571,15255,0.0477,158,116,3,"high",1,"Wed","Dec"
"IG0000444",18,"creator",7486,"image","Fitness","Hashtags",0,2025-04-07 08:00:00,2025-04-07,8,"Monday",37,1,0,4,1325,1787,0.0235,606,102,12,"low",8,"Mon","Apr"
"IG0000445",13,"creator",5824,"image","Beauty","Reels Feed",1,2025-11-02 10:00:00,2025-11-02,10,"Sunday",453,18,21,79,5674,7079,0.0807,607,105,10,"viral",10,"Sun","Nov"
"IG0000447",4,"brand",4972,"carousel","Food","Explore",0,2025-06-12 19:00:00,2025-06-12,19,"Thursday",71,2,3,11,1942,2999,0.029,877,117,9,"medium",19,"Thu","Jun"
"IG0000448",4,"creator",4972,"carousel","Fashion","External",0,2025-08-14 04:00:00,2025-08-14,4,"Thursday",825,23,34,107,10475,11731,0.0843,900,134,9,"viral",4,"Thu","Aug"
"IG0000449",10,"creator",4542,"reel","Fashion","Home Feed",0,2025-07-28 17:00:00,2025-07-28,17,"Monday",827,26,33,126,11193,13324,0.076,35,127,9,"viral",17,"Mon","Jul"
"IG0000450",5,"brand",10739,"reel","Food","Home Feed",1,2025-10-22 21:00:00,2025-10-22,21,"Wednesday",115,4,6,19,1447,1631,0.0883,94,113,6,"viral",21,"Wed","Oct"
"IG0000451",9,"brand",6916,"image","Music","Hashtags",0,2024-12-26 07:00:00,2024-12-26,7,"Thursday",438,16,24,68,6901,8972,0.0609,847,124,9,"viral",7,"Thu","Dec"
"IG0000452",3,"creator",10018,"image","Food","Explore",0,2025-02-27 17:00:00,2025-02-27,17,"Thursday",120,5,6,19,4942,6413,0.0234,331,116,7,"low",17,"Thu","Feb"
"IG0000453",17,"creator",15923,"image","Fashion","Explore",0,2024-12-02 08:00:00,2024-12-02,8,"Monday",311,14,15,38,4589,6863,0.0551,919,108,8,"high",8,"Mon","Dec"
"IG0000454",3,"brand",10018,"reel","Fashion","Profile",0,2025-01-16 01:00:00,2025-01-16,1,"Thursday",140,5,5,14,2097,3006,0.0546,593,123,5,"high",1,"Thu","Jan"
"IG0000455",16,"brand",9696,"image","Beauty","Home Feed",1,2025-07-09 16:00:00,2025-07-09,16,"Wednesday",147,2,9,29,2919,3442,0.0543,719,118,8,"high",16,"Wed","Jul"
"IG0000456",4,"creator",4972,"image","Photography","External",1,2025-07-15 10:00:00,2025-07-15,10,"Tuesday",1419,41,67,210,26040,33715,0.0515,923,117,7,"high",10,"Tue","Jul"
"IG0000457",18,"brand",7486,"carousel","Travel","External",1,2025-08-02 13:00:00,2025-08-02,13,"Saturday",713,26,31,102,8946,10541,0.0827,509,125,11,"viral",13,"Sat","Aug"
"IG0000458",17,"creator",15923,"carousel","Food","Reels Feed",1,2025-08-14 05:00:00,2025-08-14,5,"Thursday",90,2,5,15,1744,1991,0.0563,505,122,4,"high",5,"Thu","Aug"
"IG0000459",7,"brand",3551,"reel","Travel","Home Feed",0,2025-05-04 04:00:00,2025-05-04,4,"Sunday",0,5,9,29,3069,3985,0.0108,868,138,5,"high",4,"Sun","May"
"IG0000460",5,"creator",10739,"image","Food","Home Feed",0,2025-06-23 11:00:00,2025-06-23,11,"Monday",172,2,10,24,4325,4935,0.0421,430,121,13,"high",11,"Mon","Jun"
"IG0000461",12,"creator",13798,"carousel","Technology","Reels Feed",0,2025-11-13 11:00:00,2025-11-13,11,"Thursday",425,12,18,54,8635,12863,0.0396,60,132,2,"medium",11,"Thu","Nov"
"IG0000462",17,"brand",15923,"reel","Fashion","External",0,2025-10-10 09:00:00,2025-10-10,9,"Friday",168,8,7,24,4254,5887,0.0352,119,117,8,"medium",9,"Fri","Oct"
"IG0000463",13,"creator",5824,"reel","Photography","Profile",0,2025-07-20 02:00:00,2025-07-20,2,"Sunday",209,7,0,29,2927,3540,0.0692,10,119,5,"viral",2,"Sun","Jul"
"IG0000464",3,"brand",10018,"image","Beauty","Home Feed",1,2025-03-14 18:00:00,2025-03-14,18,"Friday",422,14,27,50,8015,11152,0.046,743,127,7,"high",18,"Fri","Mar"
"IG0000465",9,"creator",6916,"reel","Photography","Profile",1,2025-05-26 23:00:00,2025-05-26,23,"Monday",134,4,12,21,1691,2372,0.0721,436,114,8,"viral",23,"Mon","May"
"IG0000466",17,"brand",15923,"reel","Photography","Home Feed",0,2025-05-17 19:00:00,2025-05-17,19,"Saturday",100,3,5,18,4356,4951,0.0254,803,128,11,"medium",19,"Sat","May"
"IG0000467",17,"creator",15923,"image","Photography","Reels Feed",1,2025-08-08 16:00:00,2025-08-08,16,"Friday",426,9,19,74,9753,15358,0.0344,242,120,8,"medium",16,"Fri","Aug"
"IG0000468",20,"creator",31095,"image","Travel","Explore",1,2025-09-08 14:00:00,2025-09-08,14,"Monday",989,32,53,161,13195,18555,0.0666,448,110,4,"viral",14,"Mon","Sep"
"IG0000469",16,"brand",9696,"reel","Food","Profile",0,2025-02-28 03:00:00,2025-02-28,3,"Friday",69,3,3,10,3528,4055,0.021,588,110,7,"low",3,"Fri","Feb"
"IG0000470",13,"brand",5824,"carousel","Comedy","Explore",0,2025-11-19 05:00:00,2025-11-19,5,"Wednesday",16,0,0,3,548,866,0.0219,365,122,10,"medium",5,"Wed","Nov"
"IG0000471",19,"creator",3447,"image","Technology","Reels Feed",1,2025-06-30 01:00:00,2025-06-30,1,"Monday",70,0,5,12,1118,1640,0.053,905,140,5,"high",1,"Mon","Jun"
"IG0000472",17,"creator",15923,"reel","Fitness","Profile",0,2025-09-07 11:00:00,2025-09-07,11,"Sunday",679,24,44,91,9329,14743,0.0568,716,119,13,"high",11,"Sun","Sep"
"IG0000473",4,"creator",4972,"reel","Photography","Explore",0,2025-08-09 15:00:00,2025-08-09,15,"Saturday",181,8,2,0,3108,3436,0.0556,784,113,8,"viral",15,"Sat","Aug"
"IG0000474",12,"creator",13798,"carousel","Music","Reels Feed",0,2025-06-30 06:00:00,2025-06-30,6,"Monday",111,3,5,17,4818,5382,0.0253,228,123,7,"medium",6,"Mon","Jun"
"IG0000475",9,"brand",6916,"reel","Travel","Reels Feed",0,2025-05-19 16:00:00,2025-05-19,16,"Monday",302,10,9,38,6942,10633,0.0338,360,124,7,"medium",16,"Mon","May"
"IG0000476",19,"creator",3447,"carousel","Beauty","Profile",1,2025-09-26 13:00:00,2025-09-26,13,"Friday",681,19,36,98,8564,12977,0.0643,816,111,9,"viral",13,"Fri","Sep"
"IG0000477",12,"brand",13798,"carousel","Fitness","Hashtags",0,2025-07-07 08:00:00,2025-07-07,8,"Monday",471,20,18,72,6064,8766,0.0663,76,140,6,"viral",8,"Mon","Jul"
"IG0000478",9,"creator",6916,"carousel","Comedy","Explore",0,2025-10-15 12:00:00,2025-10-15,12,"Wednesday",155,5,7,32,5891,7391,0.0269,489,120,9,"medium",12,"Wed","Oct"
"IG0000479",7,"creator",3551,"carousel","Music","Reels Feed",0,2025-08-07 17:00:00,2025-08-07,17,"Thursday",0,5,9,35,5066,7624,0.0064,544,123,13,"medium",17,"Thu","Aug"
"IG0000480",14,"creator",3083,"image","Comedy","External",0,2025-02-03 11:00:00,2025-02-03,11,"Monday",267,7,10,0,4368,5934,0.0479,664,126,10,"high",11,"Mon","Feb"
"IG0000481",20,"creator",31095,"carousel","Fitness","External",0,2025-05-12 12:00:00,2025-05-12,12,"Monday",207,6,10,37,4446,5405,0.0481,147,114,6,"high",12,"Mon","May"
"IG0000482",19,"creator",3447,"image","Photography","Explore",0,2025-05-31 15:00:00,2025-05-31,15,"Saturday",142,0,5,27,6283,8697,0.02,461,127,5,"low",15,"Sat","May"
"IG0000483",15,"creator",8167,"image","Music","Home Feed",0,2025-06-03 16:00:00,2025-06-03,16,"Tuesday",192,9,11,0,4515,5921,0.0358,759,112,6,"high",16,"Tue","Jun"
"IG0000484",16,"brand",9696,"image","Comedy","Hashtags",1,2025-05-18 19:00:00,2025-05-18,19,"Sunday",335,9,18,58,6865,7650,0.0549,328,115,9,"viral",19,"Sun","May"
"IG0000485",5,"creator",10739,"carousel","Beauty","Reels Feed",0,2025-06-15 20:00:00,2025-06-15,20,"Sunday",166,3,12,24,5540,8665,0.0237,738,133,8,"low",20,"Sun","Jun"
"IG0000486",3,"brand",10018,"reel","Food","Home Feed",1,2024-11-19 23:00:00,2024-11-19,23,"Tuesday",153,10,8,26,3359,3916,0.0503,539,135,8,"high",23,"Tue","Nov"
"IG0000487",12,"brand",13798,"reel","Fashion","External",0,2025-11-17 10:00:00,2025-11-17,10,"Monday",171,7,7,26,4298,4947,0.0427,114,105,5,"high",10,"Mon","Nov"
"IG0000488",20,"creator",31095,"reel","Food","External",1,2025-01-09 04:00:00,2025-01-09,4,"Thursday",0,5,8,36,4293,5974,0.0082,26,125,10,"medium",4,"Thu","Jan"
"IG0000489",4,"brand",4972,"image","Fitness","Profile",0,2025-07-01 14:00:00,2025-07-01,14,"Tuesday",107,1,2,18,3980,5453,0.0235,464,105,5,"low",14,"Tue","Jul"
"IG0000491",7,"creator",3551,"image","Fashion","Profile",0,2025-09-02 16:00:00,2025-09-02,16,"Tuesday",516,14,23,87,12589,14103,0.0454,557,122,6,"high",16,"Tue","Sep"
"IG0000492",13,"creator",5824,"reel","Technology","Home Feed",0,2024-12-07 17:00:00,2024-12-07,17,"Saturday",227,9,15,39,3349,3974,0.073,710,130,6,"viral",17,"Sat","Dec"
"IG0000493",10,"brand",4542,"image","Beauty","Explore",0,2025-02-23 08:00:00,2025-02-23,8,"Sunday",236,11,7,38,7558,11206,0.0261,475,109,12,"medium",8,"Sun","Feb"
"IG0000494",7,"brand",3551,"image","Technology","External",1,2025-05-22 16:00:00,2025-05-22,16,"Thursday",372,7,17,48,9915,11531,0.0385,276,141,12,"medium",16,"Thu","May"
"IG0000495",14,"creator",3083,"image","Music","Hashtags",1,2024-12-31 02:00:00,2024-12-31,2,"Tuesday",538,18,24,93,12366,19414,0.0347,266,143,6,"medium",2,"Tue","Dec"
"IG0000496",5,"creator",10739,"reel","Fashion","External",0,2025-07-20 07:00:00,2025-07-20,7,"Sunday",167,5,6,25,3916,4475,0.0454,843,115,10,"high",7,"Sun","Jul"
"IG0000497",3,"creator",10018,"carousel","Technology","Profile",0,2025-07-09 10:00:00,2025-07-09,10,"Wednesday",45,0,1,4,1234,1961,0.0255,410,91,7,"medium",10,"Wed","Jul"
"IG0000498",11,"creator",9044,"image","Technology","Home Feed",0,2025-07-10 16:00:00,2025-07-10,16,"Thursday",86,0,4,12,2557,3204,0.0318,185,135,10,"medium",16,"Thu","Jul"
"IG0000499",11,"creator",9044,"image","Comedy","External",0,2025-03-15 15:00:00,2025-03-15,15,"Saturday",29,0,0,0,1540,2023,0.0143,13,131,10,"low",15,"Sat","Mar"
"IG0000500",18,"brand",7486,"carousel","Food","Home Feed",0,2025-10-25 19:00:00,2025-10-25,19,"Saturday",238,9,9,0,4480,7121,0.036,162,130,12,"high",19,"Sat","Oct"
"IG0000501",15,"creator",8167,"image","Comedy","Profile",0,2025-07-04 23:00:00,2025-07-04,23,"Friday",0,7,12,23,2910,3448,0.0122,339,112,10,"viral",23,"Fri","Jul"
"IG0000502",12,"creator",13798,"image","Fashion","Reels Feed",0,2025-08-23 13:00:00,2025-08-23,13,"Saturday",46,4,4,7,2925,4579,0.0133,28,110,14,"low",13,"Sat","Aug"
"IG0000503",9,"creator",6916,"carousel","Fashion","Hashtags",1,2025-05-11 21:00:00,2025-05-11,21,"Sunday",163,4,6,27,3827,4645,0.0431,850,101,11,"high",21,"Sun","May"
"IG0000504",10,"creator",4542,"image","Fitness","External",1,2025-04-29 21:00:00,2025-04-29,21,"Tuesday",954,25,65,138,13973,20625,0.0573,804,118,7,"viral",21,"Tue","Apr"
"IG0000505",12,"creator",13798,"image","Comedy","External",1,2025-04-27 16:00:00,2025-04-27,16,"Sunday",817,25,39,126,17516,21479,0.0469,168,126,7,"high",16,"Sun","Apr"
"IG0000506",17,"creator",15923,"carousel","Lifestyle","Reels Feed",1,2024-12-29 06:00:00,2024-12-29,6,"Sunday",144,6,3,21,4185,4611,0.0377,645,119,7,"low",6,"Sun","Dec"
"IG0000507",6,"brand",10034,"carousel","Food","Profile",0,2025-09-05 10:00:00,2025-09-05,10,"Friday",322,12,15,53,8432,10400,0.0387,592,124,9,"medium",10,"Fri","Sep"
"IG0000508",7,"brand",3551,"image","Fashion","External",1,2024-12-14 16:00:00,2024-12-14,16,"Saturday",75,1,3,15,5802,8068,0.0117,102,95,8,"low",16,"Sat","Dec"
"IG0000509",14,"creator",3083,"image","Fitness","Hashtags",0,2025-01-29 12:00:00,2025-01-29,12,"Wednesday",87,2,5,14,3311,4778,0.0226,796,126,12,"low",12,"Wed","Jan"
"IG0000510",13,"creator",5824,"reel","Comedy","Hashtags",0,2025-09-27 18:00:00,2025-09-27,18,"Saturday",205,9,9,29,2621,4158,0.0606,617,129,6,"viral",18,"Sat","Sep"
"IG0000511",8,"creator",15986,"image","Food","Explore",0,2024-11-28 16:00:00,2024-11-28,16,"Thursday",260,13,5,29,3503,5438,0.0565,110,109,10,"viral",16,"Thu","Nov"
"IG0000512",10,"brand",4542,"carousel","Comedy","Hashtags",0,2024-12-12 10:00:00,2024-12-12,10,"Thursday",73,4,2,12,6967,8389,0.0108,756,107,10,"low",10,"Thu","Dec"
"IG0000513",9,"creator",6916,"image","Technology","External",0,2025-01-16 23:00:00,2025-01-16,23,"Thursday",302,10,18,41,4330,6565,0.0565,494,122,5,"high",23,"Thu","Jan"
"IG0000514",18,"brand",7486,"carousel","Fitness","Explore",1,2025-08-17 03:00:00,2025-08-17,3,"Sunday",138,6,10,17,5350,7086,0.0241,871,116,10,"low",3,"Sun","Aug"
"IG0000515",2,"brand",22291,"reel","Food","External",1,2025-03-09 15:00:00,2025-03-09,15,"Sunday",91,3,7,0,1338,1620,0.0623,810,149,10,"viral",15,"Sun","Mar"
"IG0000516",5,"creator",10739,"carousel","Photography","Explore",0,2025-02-01 20:00:00,2025-02-01,20,"Saturday",103,1,9,14,6349,8246,0.0154,298,114,11,"low",20,"Sat","Feb"
"IG0000518",6,"brand",10034,"carousel","Music","Reels Feed",0,2025-02-01 12:00:00,2025-02-01,12,"Saturday",80,2,7,10,1872,2826,0.035,804,110,7,"medium",12,"Sat","Feb"
"IG0000519",19,"creator",3447,"carousel","Food","Profile",0,2025-01-14 16:00:00,2025-01-14,16,"Tuesday",302,8,11,41,3850,4882,0.0741,197,118,8,"viral",16,"Tue","Jan"
"IG0000520",8,"creator",15986,"image","Comedy","Explore",0,2025-06-11 14:00:00,2025-06-11,14,"Wednesday",111,5,7,15,3575,5293,0.0261,487,112,6,"medium",14,"Wed","Jun"
"IG0000521",16,"brand",9696,"image","Fitness","Explore",0,2025-03-17 09:00:00,2025-03-17,9,"Monday",192,11,9,32,3852,4827,0.0505,234,118,11,"high",9,"Mon","Mar"
"IG0000523",1,"creator",9461,"carousel","Fitness","Home Feed",1,2025-06-03 14:00:00,2025-06-03,14,"Tuesday",225,6,10,42,9668,15064,0.0188,697,128,12,"low",14,"Tue","Jun"
"IG0000524",20,"creator",31095,"image","Music","Profile",1,2025-11-05 10:00:00,2025-11-05,10,"Wednesday",228,5,11,27,3139,3511,0.0772,183,116,8,"viral",10,"Wed","Nov"
"IG0000525",17,"creator",15923,"image","Technology","Profile",0,2025-03-06 12:00:00,2025-03-06,12,"Thursday",119,7,3,17,3813,6002,0.0243,92,128,6,"medium",12,"Thu","Mar"
"IG0000526",7,"brand",3551,"reel","Comedy","Profile",0,2025-07-21 02:00:00,2025-07-21,2,"Monday",365,8,22,42,11692,15617,0.028,306,127,4,"medium",2,"Mon","Jul"
"IG0000527",13,"creator",5824,"image","Technology","Explore",0,2025-08-03 21:00:00,2025-08-03,21,"Sunday",118,3,7,8,2776,4102,0.0332,776,118,5,"medium",21,"Sun","Aug"
"IG0000528",4,"brand",4972,"carousel","Music","Reels Feed",0,2025-08-10 20:00:00,2025-08-10,20,"Sunday",169,10,5,29,4266,4819,0.0442,990,129,11,"high",20,"Sun","Aug"
"IG0000529",4,"creator",4972,"reel","Photography","Home Feed",1,2025-03-20 15:00:00,2025-03-20,15,"Thursday",621,14,34,101,11623,16288,0.0473,968,120,16,"high",15,"Thu","Mar"
"IG0000530",6,"brand",10034,"reel","Photography","Explore",0,2024-11-21 13:00:00,2024-11-21,13,"Thursday",796,18,27,135,10038,12099,0.0807,107,102,5,"viral",13,"Thu","Nov"
"IG0000531",19,"creator",3447,"reel","Technology","Profile",0,2025-05-14 10:00:00,2025-05-14,10,"Wednesday",201,0,11,24,5102,5899,0.04,337,122,14,"medium",10,"Wed","May"
"IG0000532",12,"creator",13798,"reel","Photography","Reels Feed",0,2025-03-25 09:00:00,2025-03-25,9,"Tuesday",190,3,11,30,3806,4488,0.0521,716,124,11,"high",9,"Tue","Mar"
"IG0000533",7,"creator",3551,"image","Music","Explore",0,2025-05-19 12:00:00,2025-05-19,12,"Monday",935,23,52,127,11738,17424,0.0653,291,107,4,"viral",12,"Mon","May"
"IG0000534",10,"brand",4542,"carousel","Food","Hashtags",0,2025-05-27 06:00:00,2025-05-27,6,"Tuesday",104,2,5,11,3653,4223,0.0289,599,107,13,"medium",6,"Tue","May"
"IG0000535",19,"creator",3447,"carousel","Technology","Explore",1,2025-01-25 16:00:00,2025-01-25,16,"Saturday",365,9,27,71,10655,15439,0.0306,977,127,4,"medium",16,"Sat","Jan"
"IG0000536",7,"brand",3551,"reel","Travel","Reels Feed",1,2025-02-20 23:00:00,2025-02-20,23,"Thursday",296,8,13,34,9467,15014,0.0234,286,136,9,"low",23,"Thu","Feb"
"IG0000537",3,"creator",10018,"carousel","Comedy","Profile",1,2025-11-08 15:00:00,2025-11-08,15,"Saturday",113,3,5,24,4097,6211,0.0233,592,122,7,"medium",15,"Sat","Nov"
"IG0000538",13,"creator",5824,"carousel","Photography","External",0,2025-02-20 04:00:00,2025-02-20,4,"Thursday",134,4,6,22,5768,8195,0.0203,516,105,6,"low",4,"Thu","Feb"
"IG0000539",13,"brand",5824,"reel","Photography","Explore",0,2025-01-07 05:00:00,2025-01-07,5,"Tuesday",2472,81,99,312,12688,14558,0.2036,695,120,6,"viral",5,"Tue","Jan"
"IG0000540",18,"creator",7486,"reel","Fashion","Hashtags",0,2024-12-08 01:00:00,2024-12-08,1,"Sunday",58,0,2,5,2423,3268,0.0199,865,136,7,"low",1,"Sun","Dec"
"IG0000541",20,"creator",31095,"carousel","Lifestyle","Reels Feed",1,2025-08-29 02:00:00,2025-08-29,2,"Friday",60,4,2,12,867,1010,0.0772,509,131,5,"viral",2,"Fri","Aug"
"IG0000542",8,"creator",15986,"carousel","Technology","Hashtags",1,2025-03-17 20:00:00,2025-03-17,20,"Monday",289,3,13,43,4064,5891,0.0591,952,141,8,"viral",20,"Mon","Mar"
"IG0000543",9,"creator",6916,"carousel","Beauty","Explore",0,2025-10-02 09:00:00,2025-10-02,9,"Thursday",203,5,9,23,3249,3913,0.0613,945,120,14,"viral",9,"Thu","Oct"
"IG0000544",7,"brand",3551,"reel","Photography","Profile",1,2025-06-17 23:00:00,2025-06-17,23,"Tuesday",289,10,20,47,12978,19225,0.019,470,136,4,"low",23,"Tue","Jun"
"IG0000545",1,"creator",9461,"carousel","Comedy","Home Feed",0,2025-06-22 15:00:00,2025-06-22,15,"Sunday",53,0,2,7,4806,5803,0.0107,628,106,7,"low",15,"Sun","Jun"
"IG0000547",13,"brand",5824,"image","Photography","Hashtags",1,2025-03-22 19:00:00,2025-03-22,19,"Saturday",78,5,1,4,3780,5240,0.0168,237,126,10,"low",19,"Sat","Mar"
"IG0000548",17,"creator",15923,"image","Travel","Reels Feed",0,2025-05-17 20:00:00,2025-05-17,20,"Saturday",78,2,0,16,2817,4013,0.0239,356,145,10,"low",20,"Sat","May"
"IG0000549",1,"creator",9461,"carousel","Music","Home Feed",1,2025-01-26 21:00:00,2025-01-26,21,"Sunday",61,1,0,11,1080,1390,0.0525,393,111,9,"high",21,"Sun","Jan"
